id,word,word_id,sentence,kr,tokens
1,一,1,リンゴを一つください。,사과 하나 주세요.,"[{""surface"": ""リンゴ"", ""hasKanji"": false}, {""surface"": ""を"", ""hasKanji"": false}, {""surface"": ""一"", ""kanji"": ""一"", ""furigana"": ""ひと"", ""hasKanji"": true}, {""surface"": ""つ"", ""hasKanji"": false}, {""surface"": ""ください"", ""hasKanji"": false}, {""surface"": ""。"", ""hasKanji"": false}]"
2,一,1,今日は一月一日です。,오늘은 1월 1일입니다.,"[{""surface"": ""今日"", ""kanji"": ""今日"", ""furigana"": ""きょう"", ""hasKanji"": true}, {""surface"": ""は"", ""hasKanji"": false}, {""surface"": ""一"", ""kanji"": ""一"", ""furigana"": ""いち"", ""hasKanji"": true}, {""surface"": ""月"", ""kanji"": ""月"", ""furigana"": ""がつ"", ""hasKanji"": true}, {""surface"": ""一日"", ""kanji"": ""一日"", ""furigana"": ""ついたち"", ""hasKanji"": true}, {""surface"": ""です"", ""hasKanji"": false}, {""surface"": ""。"", ""hasKanji"": false}]"
3,二,2,弟は二歳です。,남동생은 두 살입니다.,"[{""surface"": ""弟"", ""kanji"": ""弟"", ""furigana"": ""おとうと"", ""hasKanji"": true}, {""surface"": ""は"", ""hasKanji"": false}, {""surface"": ""二"", ""kanji"": ""二"", ""furigana"": ""に"", ""hasKanji"": true}, {""surface"": ""歳"", ""kanji"": ""歳"", ""furigana"": ""さい"", ""hasKanji"": true}, {""surface"": ""です"", ""hasKanji"": false}, {""surface"": ""。"", ""hasKanji"": false}]"
4,二,2,ケーキを二つ買いました。,케이크를 두 개 샀습니다.,"[{""surface"": ""ケーキ"", ""hasKanji"": false}, {""surface"": ""を"", ""hasKanji"": false}, {""surface"": ""二"", ""kanji"": ""二"", ""furigana"": ""ふた"", ""hasKanji"": true}, {""surface"": ""つ"", ""hasKanji"": false}, {""surface"": ""買い"", ""kanji"": ""買"", ""furigana"": ""か"", ""hasKanji"": true}, {""surface"": ""まし"", ""hasKanji"": false}, {""surface"": ""た"", ""hasKanji"": false}, {""surface"": ""。"", ""hasKanji"": false}]"
5,三,3,バスは三分後に来ます。,버스는 3분 후에 옵니다.,"[{""surface"": ""バス"", ""hasKanji"": false}, {""surface"": ""は"", ""hasKanji"": false}, {""surface"": ""三"", ""kanji"": ""三"", ""furigana"": ""さん"", ""hasKanji"": true}, {""surface"": ""分"", ""kanji"": ""分"", ""furigana"": ""ふん"", ""hasKanji"": true}, {""surface"": ""後"", ""kanji"": ""後"", ""furigana"": ""ご"", ""hasKanji"": true}, {""surface"": ""に"", ""hasKanji"": false}, {""surface"": ""来"", ""kanji"": ""来"", ""furigana"": ""き"", ""hasKanji"": true}, {""surface"": ""ます"", ""hasKanji"": false}, {""surface"": ""。"", ""hasKanji"": false}]"
6,三,3,三月は春が始まる季節です。,3월은 봄이 시작되는 계절입니다.,"[{""surface"": ""三"", ""kanji"": ""三"", ""furigana"": ""さん"", ""hasKanji"": true}, {""surface"": ""月"", ""kanji"": ""月"", ""furigana"": ""がつ"", ""hasKanji"": true}, {""surface"": ""は"", ""hasKanji"": false}, {""surface"": ""春"", ""kanji"": ""春"", ""furigana"": ""はる"", ""hasKanji"": true}, {""surface"": ""が"", ""hasKanji"": false}, {""surface"": ""始まる"", ""kanji"": ""始"", ""furigana"": ""はじ"", ""hasKanji"": true}, {""surface"": ""季節"", ""kanji"": ""季節"", ""furigana"": ""きせつ"", ""hasKanji"": true}, {""surface"": ""です"", ""hasKanji"": false}, {""surface"": ""。"", ""hasKanji"": false}]"
7,四,4,四人家族です。,네 명 가족입니다.,"[{""surface"": ""四"", ""kanji"": ""四"", ""furigana"": ""よん"", ""hasKanji"": true}, {""surface"": ""人"", ""kanji"": ""人"", ""furigana"": ""にん"", ""hasKanji"": true}, {""surface"": ""家族"", ""kanji"": ""家族"", ""furigana"": ""かぞく"", ""hasKanji"": true}, {""surface"": ""です"", ""hasKanji"": false}, {""surface"": ""。"", ""hasKanji"": false}]"
8,四,4,四月には桜が咲きます。,4월에는 벚꽃이 핍니다.,"[{""surface"": ""四"", ""kanji"": ""四"", ""furigana"": ""よん"", ""hasKanji"": true}, {""surface"": ""月"", ""kanji"": ""月"", ""furigana"": ""がつ"", ""hasKanji"": true}, {""surface"": ""に"", ""hasKanji"": false}, {""surface"": ""は"", ""hasKanji"": false}, {""surface"": ""桜"", ""kanji"": ""桜"", ""furigana"": ""さくら"", ""hasKanji"": true}, {""surface"": ""が"", ""hasKanji"": false}, {""surface"": ""咲き"", ""kanji"": ""咲"", ""furigana"": ""さ"", ""hasKanji"": true}, {""surface"": ""ます"", ""hasKanji"": false}, {""surface"": ""。"", ""hasKanji"": false}]"
9,五,5,本を五冊読みました。,책을 다섯 권 읽었습니다.,"[{""surface"": ""本"", ""kanji"": ""本"", ""furigana"": ""ほん"", ""hasKanji"": true}, {""surface"": ""を"", ""hasKanji"": false}, {""surface"": ""五"", ""kanji"": ""五"", ""furigana"": ""ご"", ""hasKanji"": true}, {""surface"": ""冊"", ""kanji"": ""冊"", ""furigana"": ""さつ"", ""hasKanji"": true}, {""surface"": ""読み"", ""kanji"": ""読"", ""furigana"": ""よ"", ""hasKanji"": true}, {""surface"": ""まし"", ""hasKanji"": false}, {""surface"": ""た"", ""hasKanji"": false}, {""surface"": ""。"", ""hasKanji"": false}]"
10,五,5,五時に待ち合わせましょう。,다섯 시에 만나기로 합시다.,"[{""surface"": ""五"", ""kanji"": ""五"", ""furigana"": ""ご"", ""hasKanji"": true}, {""surface"": ""時"", ""kanji"": ""時"", ""furigana"": ""じ"", ""hasKanji"": true}, {""surface"": ""に"", ""hasKanji"": false}, {""surface"": ""待ち合わせ"", ""kanji"": ""待合"", ""furigana"": ""まちあわせ"", ""hasKanji"": true}, {""surface"": ""ましょう"", ""hasKanji"": false}, {""surface"": ""。"", ""hasKanji"": false}]"
11,六,6,サイコロの目が六でした。,주사위의 숫자가 6이 나왔습니다.,"[{""surface"": ""サイコロ"", ""hasKanji"": false}, {""surface"": ""の"", ""hasKanji"": false}, {""surface"": ""目"", ""kanji"": ""目"", ""furigana"": ""め"", ""hasKanji"": true}, {""surface"": ""が"", ""hasKanji"": false}, {""surface"": ""六"", ""kanji"": ""六"", ""furigana"": ""ろく"", ""hasKanji"": true}, {""surface"": ""でし"", ""hasKanji"": false}, {""surface"": ""た"", ""hasKanji"": false}, {""surface"": ""。"", ""hasKanji"": false}]"
12,六,6,彼女の誕生日は六月です。,그녀의 생일은 6월입니다.,"[{""surface"": ""彼女"", ""kanji"": ""彼女"", ""furigana"": ""かのじょ"", ""hasKanji"": true}, {""surface"": ""の"", ""hasKanji"": false}, {""surface"": ""誕生"", ""kanji"": ""誕生"", ""furigana"": ""たんじょう"", ""hasKanji"": true}, {""surface"": ""日"", ""kanji"": ""日"", ""furigana"": ""ひ"", ""hasKanji"": true}, {""surface"": ""は"", ""hasKanji"": false}, {""surface"": ""六"", ""kanji"": ""六"", ""furigana"": ""ろく"", ""hasKanji"": true}, {""surface"": ""月"", ""kanji"": ""月"", ""furigana"": ""がつ"", ""hasKanji"": true}, {""surface"": ""です"", ""hasKanji"": false}, {""surface"": ""。"", ""hasKanji"": false}]"
13,七,7,七色の虹が空にかかっています。,일곱 색깔 무지개가 하늘에 떠 있습니다.,"[{""surface"": ""七色"", ""kanji"": ""七色"", ""furigana"": ""なないろ"", ""hasKanji"": true}, {""surface"": ""の"", ""hasKanji"": false}, {""surface"": ""虹"", ""kanji"": ""虹"", ""furigana"": ""にじ"", ""hasKanji"": true}, {""surface"": ""が"", ""hasKanji"": false}, {""surface"": ""空"", ""kanji"": ""空"", ""furigana"": ""そら"", ""hasKanji"": true}, {""surface"": ""に"", ""hasKanji"": false}, {""surface"": ""かかっ"", ""hasKanji"": false}, {""surface"": ""て"", ""hasKanji"": false}, {""surface"": ""い"", ""hasKanji"": false}, {""surface"": ""ます"", ""hasKanji"": false}, {""surface"": ""。"", ""hasKanji"": false}]"
14,七,7,今晩七時に映画が始まります。,오늘 저녁 7시에 영화가 시작됩니다.,"[{""surface"": ""今晩"", ""kanji"": ""今晩"", ""furigana"": ""こんばん"", ""hasKanji"": true}, {""surface"": ""七"", ""kanji"": ""七"", ""furigana"": ""しち"", ""hasKanji"": true}, {""surface"": ""時"", ""kanji"": ""時"", ""furigana"": ""じ"", ""hasKanji"": true}, {""surface"": ""に"", ""hasKanji"": false}, {""surface"": ""映画"", ""kanji"": ""映画"", ""furigana"": ""えいが"", ""hasKanji"": true}, {""surface"": ""が"", ""hasKanji"": false}, {""surface"": ""始まり"", ""kanji"": ""始"", ""furigana"": ""はじ"", ""hasKanji"": true}, {""surface"": ""ます"", ""hasKanji"": false}, {""surface"": ""。"", ""hasKanji"": false}]"
15,八,8,八月は暑い季節です。,8월은 더운 계절입니다.,"[{""surface"": ""八"", ""kanji"": ""八"", ""furigana"": ""はち"", ""hasKanji"": true}, {""surface"": ""月"", ""kanji"": ""月"", ""furigana"": ""がつ"", ""hasKanji"": true}, {""surface"": ""は"", ""hasKanji"": false}, {""surface"": ""暑い"", ""kanji"": ""暑"", ""furigana"": ""あつ"", ""hasKanji"": true}, {""surface"": ""季節"", ""kanji"": ""季節"", ""furigana"": ""きせつ"", ""hasKanji"": true}, {""surface"": ""です"", ""hasKanji"": false}, {""surface"": ""。"", ""hasKanji"": false}]"
16,八,8,八つのお菓子があります。,여덟 개의 과자가 있습니다.,"[{""surface"": ""八"", ""kanji"": ""八"", ""furigana"": ""よう"", ""hasKanji"": true}, {""surface"": ""つ"", ""hasKanji"": false}, {""surface"": ""の"", ""hasKanji"": false}, {""surface"": ""お"", ""hasKanji"": false}, {""surface"": ""菓子"", ""kanji"": ""菓子"", ""furigana"": ""かし"", ""hasKanji"": true}, {""surface"": ""が"", ""hasKanji"": false}, {""surface"": ""あり"", ""hasKanji"": false}, {""surface"": ""ます"", ""hasKanji"": false}, {""surface"": ""。"", ""hasKanji"": false}]"
17,九,9,猫には九つの命があると言われます。,고양이는 목숨이 아홉 개 있다고 합니다.,"[{""surface"": ""猫"", ""kanji"": ""猫"", ""furigana"": ""ねこ"", ""hasKanji"": true}, {""surface"": ""に"", ""hasKanji"": false}, {""surface"": ""は"", ""hasKanji"": false}, {""surface"": ""九"", ""kanji"": ""九"", ""furigana"": ""ここの"", ""hasKanji"": true}, {""surface"": ""つ"", ""hasKanji"": false}, {""surface"": ""の"", ""hasKanji"": false}, {""surface"": ""命"", ""kanji"": ""命"", ""furigana"": ""いのち"", ""hasKanji"": true}, {""surface"": ""が"", ""hasKanji"": false}, {""surface"": ""ある"", ""hasKanji"": false}, {""surface"": ""と"", ""hasKanji"": false}, {""surface"": ""言わ"", ""kanji"": ""言"", ""furigana"": ""い"", ""hasKanji"": true}, {""surface"": ""れ"", ""hasKanji"": false}, {""surface"": ""ます"", ""hasKanji"": false}, {""surface"": ""。"", ""hasKanji"": false}]"
18,九,9,九月に旅行する予定です。,9월에 여행할 예정입니다.,"[{""surface"": ""九"", ""kanji"": ""九"", ""furigana"": ""きゅう"", ""hasKanji"": true}, {""surface"": ""月"", ""kanji"": ""月"", ""furigana"": ""がつ"", ""hasKanji"": true}, {""surface"": ""に"", ""hasKanji"": false}, {""surface"": ""旅行"", ""kanji"": ""旅行"", ""furigana"": ""りょこう"", ""hasKanji"": true}, {""surface"": ""する"", ""hasKanji"": false}, {""surface"": ""予定"", ""kanji"": ""予定"", ""furigana"": ""よてい"", ""hasKanji"": true}, {""surface"": ""です"", ""hasKanji"": false}, {""surface"": ""。"", ""hasKanji"": false}]"
19,十,10,彼は十歳になりました。,그는 열 살이 되었습니다.,"[{""surface"": ""彼"", ""kanji"": ""彼"", ""furigana"": ""かれ"", ""hasKanji"": true}, {""surface"": ""は"", ""hasKanji"": false}, {""surface"": ""十"", ""kanji"": ""十"", ""furigana"": ""じゅう"", ""hasKanji"": true}, {""surface"": ""歳"", ""kanji"": ""歳"", ""furigana"": ""さい"", ""hasKanji"": true}, {""surface"": ""に"", ""hasKanji"": false}, {""surface"": ""なり"", ""hasKanji"": false}, {""surface"": ""まし"", ""hasKanji"": false}, {""surface"": ""た"", ""hasKanji"": false}, {""surface"": ""。"", ""hasKanji"": false}]"
20,十,10,問題が十問あります。,문제가 열 개 있습니다.,"[{""surface"": ""問題"", ""kanji"": ""問題"", ""furigana"": ""もんだい"", ""hasKanji"": true}, {""surface"": ""が"", ""hasKanji"": false}, {""surface"": ""十"", ""kanji"": ""十"", ""furigana"": ""じゅう"", ""hasKanji"": true}, {""surface"": ""問"", ""kanji"": ""問"", ""furigana"": ""もん"", ""hasKanji"": true}, {""surface"": ""あり"", ""hasKanji"": false}, {""surface"": ""ます"", ""hasKanji"": false}, {""surface"": ""。"", ""hasKanji"": false}]"
21,百,11,この本は百円です。,이 책은 100엔입니다.,"[{""surface"": ""この"", ""hasKanji"": false}, {""surface"": ""本"", ""kanji"": ""本"", ""furigana"": ""ほん"", ""hasKanji"": true}, {""surface"": ""は"", ""hasKanji"": false}, {""surface"": ""百"", ""kanji"": ""百"", ""furigana"": ""ひゃく"", ""hasKanji"": true}, {""surface"": ""円"", ""kanji"": ""円"", ""furigana"": ""えん"", ""hasKanji"": true}, {""surface"": ""です"", ""hasKanji"": false}, {""surface"": ""。"", ""hasKanji"": false}]"
22,百,11,百メートル走で優勝しました。,100미터 달리기에서 우승했습니다.,"[{""surface"": ""百"", ""kanji"": ""百"", ""furigana"": ""ひゃく"", ""hasKanji"": true}, {""surface"": ""メートル"", ""hasKanji"": false}, {""surface"": ""走"", ""kanji"": ""走"", ""furigana"": ""そう"", ""hasKanji"": true}, {""surface"": ""で"", ""hasKanji"": false}, {""surface"": ""優勝"", ""kanji"": ""優勝"", ""furigana"": ""ゆうしょう"", ""hasKanji"": true}, {""surface"": ""し"", ""hasKanji"": false}, {""surface"": ""まし"", ""hasKanji"": false}, {""surface"": ""た"", ""hasKanji"": false}, {""surface"": ""。"", ""hasKanji"": false}]"
23,千,12,その町には千人が住んでいます。,그 마을에는 천 명이 살고 있습니다.,"[{""surface"": ""その"", ""hasKanji"": false}, {""surface"": ""町"", ""kanji"": ""町"", ""furigana"": ""まち"", ""hasKanji"": true}, {""surface"": ""に"", ""hasKanji"": false}, {""surface"": ""は"", ""hasKanji"": false}, {""surface"": ""千"", ""kanji"": ""千"", ""furigana"": ""せん"", ""hasKanji"": true}, {""surface"": ""人"", ""kanji"": ""人"", ""furigana"": ""にん"", ""hasKanji"": true}, {""surface"": ""が"", ""hasKanji"": false}, {""surface"": ""住ん"", ""kanji"": ""住"", ""furigana"": ""す"", ""hasKanji"": true}, {""surface"": ""で"", ""hasKanji"": false}, {""surface"": ""い"", ""hasKanji"": false}, {""surface"": ""ます"", ""hasKanji"": false}, {""surface"": ""。"", ""hasKanji"": false}]"
24,千,12,千円札を一枚ください。,천 엔짜리 지폐를 한 장 주세요.,"[{""surface"": ""千"", ""kanji"": ""千"", ""furigana"": ""せん"", ""hasKanji"": true}, {""surface"": ""円"", ""kanji"": ""円"", ""furigana"": ""えん"", ""hasKanji"": true}, {""surface"": ""札"", ""kanji"": ""札"", ""furigana"": ""さつ"", ""hasKanji"": true}, {""surface"": ""を"", ""hasKanji"": false}, {""surface"": ""一"", ""kanji"": ""一"", ""furigana"": ""いち"", ""hasKanji"": true}, {""surface"": ""枚"", ""kanji"": ""枚"", ""furigana"": ""まい"", ""hasKanji"": true}, {""surface"": ""ください"", ""hasKanji"": false}, {""surface"": ""。"", ""hasKanji"": false}]"
25,万,13,彼は一万円を持っています。,그는 만 엔을 가지고 있습니다.,"[{""surface"": ""彼"", ""kanji"": ""彼"", ""furigana"": ""かれ"", ""hasKanji"": true}, {""surface"": ""は"", ""hasKanji"": false}, {""surface"": ""一"", ""kanji"": ""一"", ""furigana"": ""いち"", ""hasKanji"": true}, {""surface"": ""万"", ""kanji"": ""万"", ""furigana"": ""まん"", ""hasKanji"": true}, {""surface"": ""円"", ""kanji"": ""円"", ""furigana"": ""えん"", ""hasKanji"": true}, {""surface"": ""を"", ""hasKanji"": false}, {""surface"": ""持っ"", ""kanji"": ""持"", ""furigana"": ""も"", ""hasKanji"": true}, {""surface"": ""て"", ""hasKanji"": false}, {""surface"": ""い"", ""hasKanji"": false}, {""surface"": ""ます"", ""hasKanji"": false}, {""surface"": ""。"", ""hasKanji"": false}]"
26,万,13,その祭りには万人が集まりました。,그 축제에는 만 명이 모였습니다.,"[{""surface"": ""その"", ""hasKanji"": false}, {""surface"": ""祭り"", ""kanji"": ""祭"", ""furigana"": ""まつ"", ""hasKanji"": true}, {""surface"": ""に"", ""hasKanji"": false}, {""surface"": ""は"", ""hasKanji"": false}, {""surface"": ""万人"", ""kanji"": ""万人"", ""furigana"": ""ばんにん"", ""hasKanji"": true}, {""surface"": ""が"", ""hasKanji"": false}, {""surface"": ""集まり"", ""kanji"": ""集"", ""furigana"": ""あつ"", ""hasKanji"": true}, {""surface"": ""まし"", ""hasKanji"": false}, {""surface"": ""た"", ""hasKanji"": false}, {""surface"": ""。"", ""hasKanji"": false}]"
27,以上,14,二十歳以上の方は参加できます。,스무 살 이상인 분은 참가할 수 있습니다.,"[{""surface"": ""二十"", ""kanji"": ""二十"", ""furigana"": ""にじゅう"", ""hasKanji"": true}, {""surface"": ""歳"", ""kanji"": ""歳"", ""furigana"": ""さい"", ""hasKanji"": true}, {""surface"": ""以上"", ""kanji"": ""以上"", ""furigana"": ""いじょう"", ""hasKanji"": true}, {""surface"": ""の"", ""hasKanji"": false}, {""surface"": ""方"", ""kanji"": ""方"", ""furigana"": ""ほう"", ""hasKanji"": true}, {""surface"": ""は"", ""hasKanji"": false}, {""surface"": ""参加"", ""kanji"": ""参加"", ""furigana"": ""さんか"", ""hasKanji"": true}, {""surface"": ""でき"", ""hasKanji"": false}, {""surface"": ""ます"", ""hasKanji"": false}, {""surface"": ""。"", ""hasKanji"": false}]"
28,以上,14,それ以上は食べられません。,그 이상은 먹을 수 없습니다.,"[{""surface"": ""それ"", ""hasKanji"": false}, {""surface"": ""以上"", ""kanji"": ""以上"", ""furigana"": ""いじょう"", ""hasKanji"": true}, {""surface"": ""は"", ""hasKanji"": false}, {""surface"": ""食べ"", ""kanji"": ""食"", ""furigana"": ""た"", ""hasKanji"": true}, {""surface"": ""られ"", ""hasKanji"": false}, {""surface"": ""ませ"", ""hasKanji"": false}, {""surface"": ""ん"", ""hasKanji"": false}, {""surface"": ""。"", ""hasKanji"": false}]"
29,以下,15,十歳以下は無料です。,열 살 이하는 무료입니다.,"[{""surface"": ""十"", ""kanji"": ""十"", ""furigana"": ""じゅう"", ""hasKanji"": true}, {""surface"": ""歳"", ""kanji"": ""歳"", ""furigana"": ""さい"", ""hasKanji"": true}, {""surface"": ""以下"", ""kanji"": ""以下"", ""furigana"": ""いか"", ""hasKanji"": true}, {""surface"": ""は"", ""hasKanji"": false}, {""surface"": ""無料"", ""kanji"": ""無料"", ""furigana"": ""むりょう"", ""hasKanji"": true}, {""surface"": ""です"", ""hasKanji"": false}, {""surface"": ""。"", ""hasKanji"": false}]"
30,以下,15,気温が零度以下に下がりました。,기온이 0도 이하로 내려갔습니다.,"[{""surface"": ""気温"", ""kanji"": ""気温"", ""furigana"": ""きおん"", ""hasKanji"": true}, {""surface"": ""が"", ""hasKanji"": false}, {""surface"": ""零"", ""kanji"": ""零"", ""furigana"": ""れい"", ""hasKanji"": true}, {""surface"": ""度"", ""kanji"": ""度"", ""furigana"": ""ど"", ""hasKanji"": true}, {""surface"": ""以下"", ""kanji"": ""以下"", ""furigana"": ""いか"", ""hasKanji"": true}, {""surface"": ""に"", ""hasKanji"": false}, {""surface"": ""下がり"", ""kanji"": ""下"", ""furigana"": ""さ"", ""hasKanji"": true}, {""surface"": ""まし"", ""hasKanji"": false}, {""surface"": ""た"", ""hasKanji"": false}, {""surface"": ""。"", ""hasKanji"": false}]"
31,数,16,星の数が多すぎて数えられません。,별의 수가 너무 많아서 셀 수 없습니다.,"[{""surface"": ""星"", ""kanji"": ""星"", ""furigana"": ""ほし"", ""hasKanji"": true}, {""surface"": ""の"", ""hasKanji"": false}, {""surface"": ""数"", ""kanji"": ""数"", ""furigana"": ""かず"", ""hasKanji"": true}, {""surface"": ""が"", ""hasKanji"": false}, {""surface"": ""多"", ""kanji"": ""多"", ""furigana"": ""おお"", ""hasKanji"": true}, {""surface"": ""すぎ"", ""hasKanji"": false}, {""surface"": ""て"", ""hasKanji"": false}, {""surface"": ""数え"", ""kanji"": ""数"", ""furigana"": ""かぞ"", ""hasKanji"": true}, {""surface"": ""られ"", ""hasKanji"": false}, {""surface"": ""ませ"", ""hasKanji"": false}, {""surface"": ""ん"", ""hasKanji"": false}, {""surface"": ""。"", ""hasKanji"": false}]"
32,数,16,数日間旅行に行きます。,며칠간 여행을 갑니다.,"[{""surface"": ""数"", ""kanji"": ""数"", ""furigana"": ""すう"", ""hasKanji"": true}, {""surface"": ""日間"", ""kanji"": ""日間"", ""furigana"": ""にちかん"", ""hasKanji"": true}, {""surface"": ""旅行"", ""kanji"": ""旅行"", ""furigana"": ""りょこう"", ""hasKanji"": true}, {""surface"": ""に"", ""hasKanji"": false}, {""surface"": ""行き"", ""kanji"": ""行"", ""furigana"": ""い"", ""hasKanji"": true}, {""surface"": ""ます"", ""hasKanji"": false}, {""surface"": ""。"", ""hasKanji"": false}]"
33,数える,17,子どもが指で数えています。,아이가 손가락으로 세고 있습니다.,"[{""surface"": ""子ども"", ""kanji"": ""子"", ""furigana"": ""こ"", ""hasKanji"": true}, {""surface"": ""が"", ""hasKanji"": false}, {""surface"": ""指"", ""kanji"": ""指"", ""furigana"": ""ゆび"", ""hasKanji"": true}, {""surface"": ""で"", ""hasKanji"": false}, {""surface"": ""数え"", ""kanji"": ""数"", ""furigana"": ""かぞ"", ""hasKanji"": true}, {""surface"": ""て"", ""hasKanji"": false}, {""surface"": ""い"", ""hasKanji"": false}, {""surface"": ""ます"", ""hasKanji"": false}, {""surface"": ""。"", ""hasKanji"": false}]"
34,数える,17,参加人数を数えました。,참가 인원을 셌습니다.,"[{""surface"": ""参加"", ""kanji"": ""参加"", ""furigana"": ""さんか"", ""hasKanji"": true}, {""surface"": ""人数"", ""kanji"": ""人数"", ""furigana"": ""にんずう"", ""hasKanji"": true}, {""surface"": ""を"", ""hasKanji"": false}, {""surface"": ""数え"", ""kanji"": ""数"", ""furigana"": ""かぞ"", ""hasKanji"": true}, {""surface"": ""まし"", ""hasKanji"": false}, {""surface"": ""た"", ""hasKanji"": false}, {""surface"": ""。"", ""hasKanji"": false}]"
35,割る,18,卵を割ってフライパンに入れました。,계란을 깨서 프라이팬에 넣었습니다.,"[{""surface"": ""卵"", ""kanji"": ""卵"", ""furigana"": ""たまご"", ""hasKanji"": true}, {""surface"": ""を"", ""hasKanji"": false}, {""surface"": ""割っ"", ""kanji"": ""割"", ""furigana"": ""わ"", ""hasKanji"": true}, {""surface"": ""て"", ""hasKanji"": false}, {""surface"": ""フライパン"", ""hasKanji"": false}, {""surface"": ""に"", ""hasKanji"": false}, {""surface"": ""入れ"", ""kanji"": ""入"", ""furigana"": ""い"", ""hasKanji"": true}, {""surface"": ""まし"", ""hasKanji"": false}, {""surface"": ""た"", ""hasKanji"": false}, {""surface"": ""。"", ""hasKanji"": false}]"
36,割る,18,ガラスを割らないように気をつけてください。,유리를 깨뜨리지 않도록 조심하세요.,"[{""surface"": ""ガラス"", ""hasKanji"": false}, {""surface"": ""を"", ""hasKanji"": false}, {""surface"": ""割ら"", ""kanji"": ""割"", ""furigana"": ""わ"", ""hasKanji"": true}, {""surface"": ""ない"", ""hasKanji"": false}, {""surface"": ""よう"", ""hasKanji"": false}, {""surface"": ""に"", ""hasKanji"": false}, {""surface"": ""気"", ""kanji"": ""気"", ""furigana"": ""き"", ""hasKanji"": true}, {""surface"": ""を"", ""hasKanji"": false}, {""surface"": ""つけ"", ""hasKanji"": false}, {""surface"": ""て"", ""hasKanji"": false}, {""surface"": ""ください"", ""hasKanji"": false}, {""surface"": ""。"", ""hasKanji"": false}]"
37,足す,19,砂糖を少し足してください。,설탕을 조금 더 넣어 주세요.,"[{""surface"": ""砂糖"", ""kanji"": ""砂糖"", ""furigana"": ""さとう"", ""hasKanji"": true}, {""surface"": ""を"", ""hasKanji"": false}, {""surface"": ""少し"", ""kanji"": ""少"", ""furigana"": ""すこ"", ""hasKanji"": true}, {""surface"": ""足し"", ""kanji"": ""足"", ""furigana"": ""た"", ""hasKanji"": true}, {""surface"": ""て"", ""hasKanji"": false}, {""surface"": ""ください"", ""hasKanji"": false}, {""surface"": ""。"", ""hasKanji"": false}]"
38,足す,19,三に四を足すと七になります。,3에 4를 더하면 7이 됩니다.,"[{""surface"": ""三"", ""kanji"": ""三"", ""furigana"": ""さん"", ""hasKanji"": true}, {""surface"": ""に"", ""hasKanji"": false}, {""surface"": ""四"", ""kanji"": ""四"", ""furigana"": ""よん"", ""hasKanji"": true}, {""surface"": ""を"", ""hasKanji"": false}, {""surface"": ""足す"", ""kanji"": ""足"", ""furigana"": ""た"", ""hasKanji"": true}, {""surface"": ""と"", ""hasKanji"": false}, {""surface"": ""七"", ""kanji"": ""七"", ""furigana"": ""なな"", ""hasKanji"": true}, {""surface"": ""に"", ""hasKanji"": false}, {""surface"": ""なり"", ""hasKanji"": false}, {""surface"": ""ます"", ""hasKanji"": false}, {""surface"": ""。"", ""hasKanji"": false}]"
39,朝,20,朝早く起きました。,아침 일찍 일어났습니다.,"[{""surface"": ""朝"", ""kanji"": ""朝"", ""furigana"": ""あさ"", ""hasKanji"": true}, {""surface"": ""早く"", ""kanji"": ""早"", ""furigana"": ""はや"", ""hasKanji"": true}, {""surface"": ""起き"", ""kanji"": ""起"", ""furigana"": ""お"", ""hasKanji"": true}, {""surface"": ""まし"", ""hasKanji"": false}, {""surface"": ""た"", ""hasKanji"": false}, {""surface"": ""。"", ""hasKanji"": false}]"
40,朝,20,毎朝コーヒーを飲みます。,매일 아침 커피를 마십니다.,"[{""surface"": ""毎朝"", ""kanji"": ""毎朝"", ""furigana"": ""まいあさ"", ""hasKanji"": true}, {""surface"": ""コーヒー"", ""hasKanji"": false}, {""surface"": ""を"", ""hasKanji"": false}, {""surface"": ""飲み"", ""kanji"": ""飲"", ""furigana"": ""の"", ""hasKanji"": true}, {""surface"": ""ます"", ""hasKanji"": false}, {""surface"": ""。"", ""hasKanji"": false}]"
41,昼,21,昼は弁当を食べました。,점심에는 도시락을 먹었습니다.,"[{""surface"": ""昼"", ""kanji"": ""昼"", ""furigana"": ""ひる"", ""hasKanji"": true}, {""surface"": ""は"", ""hasKanji"": false}, {""surface"": ""弁当"", ""kanji"": ""弁当"", ""furigana"": ""べんとう"", ""hasKanji"": true}, {""surface"": ""を"", ""hasKanji"": false}, {""surface"": ""食べ"", ""kanji"": ""食"", ""furigana"": ""た"", ""hasKanji"": true}, {""surface"": ""まし"", ""hasKanji"": false}, {""surface"": ""た"", ""hasKanji"": false}, {""surface"": ""。"", ""hasKanji"": false}]"
42,昼,21,昼の天気は暖かかったです。,낮의 날씨는 따뜻했습니다.,"[{""surface"": ""昼"", ""kanji"": ""昼"", ""furigana"": ""ひる"", ""hasKanji"": true}, {""surface"": ""の"", ""hasKanji"": false}, {""surface"": ""天気"", ""kanji"": ""天気"", ""furigana"": ""てんき"", ""hasKanji"": true}, {""surface"": ""は"", ""hasKanji"": false}, {""surface"": ""暖かかっ"", ""kanji"": ""暖"", ""furigana"": ""あたた"", ""hasKanji"": true}, {""surface"": ""た"", ""hasKanji"": false}, {""surface"": ""です"", ""hasKanji"": false}, {""surface"": ""。"", ""hasKanji"": false}]"
43,昼間,22,昼間は人が多いです。,낮 동안에는 사람이 많습니다.,"[{""surface"": ""昼間"", ""kanji"": ""昼間"", ""furigana"": ""ひるま"", ""hasKanji"": true}, {""surface"": ""は"", ""hasKanji"": false}, {""surface"": ""人"", ""kanji"": ""人"", ""furigana"": ""ひと"", ""hasKanji"": true}, {""surface"": ""が"", ""hasKanji"": false}, {""surface"": ""多い"", ""kanji"": ""多"", ""furigana"": ""おお"", ""hasKanji"": true}, {""surface"": ""です"", ""hasKanji"": false}, {""surface"": ""。"", ""hasKanji"": false}]"
44,昼間,22,昼間は暑いので出かけません。,낮 동안은 더워서 외출하지 않습니다.,"[{""surface"": ""昼間"", ""kanji"": ""昼間"", ""furigana"": ""ひるま"", ""hasKanji"": true}, {""surface"": ""は"", ""hasKanji"": false}, {""surface"": ""暑い"", ""kanji"": ""暑"", ""furigana"": ""あつ"", ""hasKanji"": true}, {""surface"": ""の"", ""hasKanji"": false}, {""surface"": ""で"", ""hasKanji"": false}, {""surface"": ""出かけ"", ""kanji"": ""出"", ""furigana"": ""で"", ""hasKanji"": true}, {""surface"": ""ませ"", ""hasKanji"": false}, {""surface"": ""ん"", ""hasKanji"": false}, {""surface"": ""。"", ""hasKanji"": false}]"
45,夕方,23,夕方散歩に行きました。,저녁 무렵에 산책을 갔습니다.,"[{""surface"": ""夕方"", ""kanji"": ""夕方"", ""furigana"": ""ゆうがた"", ""hasKanji"": true}, {""surface"": ""散歩"", ""kanji"": ""散歩"", ""furigana"": ""さんぽ"", ""hasKanji"": true}, {""surface"": ""に"", ""hasKanji"": false}, {""surface"": ""行き"", ""kanji"": ""行"", ""furigana"": ""い"", ""hasKanji"": true}, {""surface"": ""まし"", ""hasKanji"": false}, {""surface"": ""た"", ""hasKanji"": false}, {""surface"": ""。"", ""hasKanji"": false}]"
46,夕方,23,夕方から雨が降り始めました。,저녁 무렵부터 비가 내리기 시작했습니다.,"[{""surface"": ""夕方"", ""kanji"": ""夕方"", ""furigana"": ""ゆうがた"", ""hasKanji"": true}, {""surface"": ""から"", ""hasKanji"": false}, {""surface"": ""雨"", ""kanji"": ""雨"", ""furigana"": ""あめ"", ""hasKanji"": true}, {""surface"": ""が"", ""hasKanji"": false}, {""surface"": ""降り"", ""kanji"": ""降"", ""furigana"": ""ふ"", ""hasKanji"": true}, {""surface"": ""始め"", ""kanji"": ""始"", ""furigana"": ""はじ"", ""hasKanji"": true}, {""surface"": ""まし"", ""hasKanji"": false}, {""surface"": ""た"", ""hasKanji"": false}, {""surface"": ""。"", ""hasKanji"": false}]"
47,夕べ,24,夕べはよく眠れましたか。,어젯밤 잘 잤습니까?,"[{""surface"": ""夕べ"", ""kanji"": ""夕"", ""furigana"": ""ゆう"", ""hasKanji"": true}, {""surface"": ""は"", ""hasKanji"": false}, {""surface"": ""よく"", ""hasKanji"": false}, {""surface"": ""眠れ"", ""kanji"": ""眠"", ""furigana"": ""ねむ"", ""hasKanji"": true}, {""surface"": ""まし"", ""hasKanji"": false}, {""surface"": ""た"", ""hasKanji"": false}, {""surface"": ""か"", ""hasKanji"": false}, {""surface"": ""。"", ""hasKanji"": false}]"
48,夕べ,24,夕べ友達と電話しました。,어젯밤 친구와 통화했습니다.,"[{""surface"": ""夕べ"", ""kanji"": ""夕"", ""furigana"": ""ゆう"", ""hasKanji"": true}, {""surface"": ""友達"", ""kanji"": ""友達"", ""furigana"": ""ともだち"", ""hasKanji"": true}, {""surface"": ""と"", ""hasKanji"": false}, {""surface"": ""電話"", ""kanji"": ""電話"", ""furigana"": ""でんわ"", ""hasKanji"": true}, {""surface"": ""し"", ""hasKanji"": false}, {""surface"": ""まし"", ""hasKanji"": false}, {""surface"": ""た"", ""hasKanji"": false}, {""surface"": ""。"", ""hasKanji"": false}]"
49,晩,25,晩ご飯はカレーでした。,저녁 식사는 카레였습니다.,"[{""surface"": ""晩ご飯"", ""kanji"": ""晩飯"", ""furigana"": ""ばんごはん"", ""hasKanji"": true}, {""surface"": ""は"", ""hasKanji"": false}, {""surface"": ""カレー"", ""hasKanji"": false}, {""surface"": ""でし"", ""hasKanji"": false}, {""surface"": ""た"", ""hasKanji"": false}, {""surface"": ""。"", ""hasKanji"": false}]"
50,晩,25,晩はゆっくり休んでください。,저녁에는 푹 쉬세요.,"[{""surface"": ""晩"", ""kanji"": ""晩"", ""furigana"": ""ばん"", ""hasKanji"": true}, {""surface"": ""は"", ""hasKanji"": false}, {""surface"": ""ゆっくり"", ""hasKanji"": false}, {""surface"": ""休ん"", ""kanji"": ""休"", ""furigana"": ""やす"", ""hasKanji"": true}, {""surface"": ""で"", ""hasKanji"": false}, {""surface"": ""ください"", ""hasKanji"": false}, {""surface"": ""。"", ""hasKanji"": false}]"
51,夜,26,夜は星がきれいです。,밤에는 별이 아름답습니다.,"[{""surface"": ""夜"", ""kanji"": ""夜"", ""furigana"": ""よる"", ""hasKanji"": true}, {""surface"": ""は"", ""hasKanji"": false}, {""surface"": ""星"", ""kanji"": ""星"", ""furigana"": ""ほし"", ""hasKanji"": true}, {""surface"": ""が"", ""hasKanji"": false}, {""surface"": ""きれい"", ""hasKanji"": false}, {""surface"": ""です"", ""hasKanji"": false}, {""surface"": ""。"", ""hasKanji"": false}]"
52,夜,26,夜遅くまで勉強しました。,밤 늦게까지 공부했습니다.,"[{""surface"": ""夜"", ""kanji"": ""夜"", ""furigana"": ""よる"", ""hasKanji"": true}, {""surface"": ""遅く"", ""kanji"": ""遅"", ""furigana"": ""おそ"", ""hasKanji"": true}, {""surface"": ""まで"", ""hasKanji"": false}, {""surface"": ""勉強"", ""kanji"": ""勉強"", ""furigana"": ""べんきょう"", ""hasKanji"": true}, {""surface"": ""し"", ""hasKanji"": false}, {""surface"": ""まし"", ""hasKanji"": false}, {""surface"": ""た"", ""hasKanji"": false}, {""surface"": ""。"", ""hasKanji"": false}]"
53,夜中,27,夜中に地震がありました。,한밤중에 지진이 있었습니다.,"[{""surface"": ""夜中"", ""kanji"": ""夜中"", ""furigana"": ""よなか"", ""hasKanji"": true}, {""surface"": ""に"", ""hasKanji"": false}, {""surface"": ""地震"", ""kanji"": ""地震"", ""furigana"": ""じしん"", ""hasKanji"": true}, {""surface"": ""が"", ""hasKanji"": false}, {""surface"": ""あり"", ""hasKanji"": false}, {""surface"": ""まし"", ""hasKanji"": false}, {""surface"": ""た"", ""hasKanji"": false}, {""surface"": ""。"", ""hasKanji"": false}]"
54,夜中,27,夜中に目が覚めました。,한밤중에 눈이 떠졌습니다.,"[{""surface"": ""夜中"", ""kanji"": ""夜中"", ""furigana"": ""よなか"", ""hasKanji"": true}, {""surface"": ""に"", ""hasKanji"": false}, {""surface"": ""目"", ""kanji"": ""目"", ""furigana"": ""め"", ""hasKanji"": true}, {""surface"": ""が"", ""hasKanji"": false}, {""surface"": ""覚め"", ""kanji"": ""覚"", ""furigana"": ""さ"", ""hasKanji"": true}, {""surface"": ""まし"", ""hasKanji"": false}, {""surface"": ""た"", ""hasKanji"": false}, {""surface"": ""。"", ""hasKanji"": false}]"
55,深夜,28,深夜にテレビを見ました。,심야에 텔레비전을 봤습니다.,"[{""surface"": ""深夜"", ""kanji"": ""深夜"", ""furigana"": ""しんや"", ""hasKanji"": true}, {""surface"": ""に"", ""hasKanji"": false}, {""surface"": ""テレビ"", ""hasKanji"": false}, {""surface"": ""を"", ""hasKanji"": false}, {""surface"": ""見"", ""kanji"": ""見"", ""furigana"": ""み"", ""hasKanji"": true}, {""surface"": ""まし"", ""hasKanji"": false}, {""surface"": ""た"", ""hasKanji"": false}, {""surface"": ""。"", ""hasKanji"": false}]"
56,深夜,28,深夜のバスに乗りました。,심야 버스를 탔습니다.,"[{""surface"": ""深夜"", ""kanji"": ""深夜"", ""furigana"": ""しんや"", ""hasKanji"": true}, {""surface"": ""の"", ""hasKanji"": false}, {""surface"": ""バス"", ""hasKanji"": false}, {""surface"": ""に"", ""hasKanji"": false}, {""surface"": ""乗り"", ""kanji"": ""乗"", ""furigana"": ""の"", ""hasKanji"": true}, {""surface"": ""まし"", ""hasKanji"": false}, {""surface"": ""た"", ""hasKanji"": false}, {""surface"": ""。"", ""hasKanji"": false}]"
57,今朝,29,今朝はパンを食べました。,오늘 아침에 빵을 먹었습니다.,"[{""surface"": ""今朝"", ""kanji"": ""今朝"", ""furigana"": ""けさ"", ""hasKanji"": true}, {""surface"": ""は"", ""hasKanji"": false}, {""surface"": ""パン"", ""hasKanji"": false}, {""surface"": ""を"", ""hasKanji"": false}, {""surface"": ""食べ"", ""kanji"": ""食"", ""furigana"": ""た"", ""hasKanji"": true}, {""surface"": ""まし"", ""hasKanji"": false}, {""surface"": ""た"", ""hasKanji"": false}, {""surface"": ""。"", ""hasKanji"": false}]"
58,今朝,29,今朝は早く起きました。,오늘 아침 일찍 일어났습니다.,"[{""surface"": ""今朝"", ""kanji"": ""今朝"", ""furigana"": ""けさ"", ""hasKanji"": true}, {""surface"": ""は"", ""hasKanji"": false}, {""surface"": ""早く"", ""kanji"": ""早"", ""furigana"": ""はや"", ""hasKanji"": true}, {""surface"": ""起き"", ""kanji"": ""起"", ""furigana"": ""お"", ""hasKanji"": true}, {""surface"": ""まし"", ""hasKanji"": false}, {""surface"": ""た"", ""hasKanji"": false}, {""surface"": ""。"", ""hasKanji"": false}]"
59,今夜,30,今夜は寒くなるでしょう。,오늘 밤은 추워지겠죠.,"[{""surface"": ""今夜"", ""kanji"": ""今夜"", ""furigana"": ""こんや"", ""hasKanji"": true}, {""surface"": ""は"", ""hasKanji"": false}, {""surface"": ""寒く"", ""kanji"": ""寒"", ""furigana"": ""さむ"", ""hasKanji"": true}, {""surface"": ""なる"", ""hasKanji"": false}, {""surface"": ""でしょう"", ""hasKanji"": false}, {""surface"": ""。"", ""hasKanji"": false}]"
60,今夜,30,今夜友達と映画を見ます。,오늘 밤 친구와 영화를 봅니다.,"[{""surface"": ""今夜"", ""kanji"": ""今夜"", ""furigana"": ""こんや"", ""hasKanji"": true}, {""surface"": ""友達"", ""kanji"": ""友達"", ""furigana"": ""ともだち"", ""hasKanji"": true}, {""surface"": ""と"", ""hasKanji"": false}, {""surface"": ""映画"", ""kanji"": ""映画"", ""furigana"": ""えいが"", ""hasKanji"": true}, {""surface"": ""を"", ""hasKanji"": false}, {""surface"": ""見"", ""kanji"": ""見"", ""furigana"": ""み"", ""hasKanji"": true}, {""surface"": ""ます"", ""hasKanji"": false}, {""surface"": ""。"", ""hasKanji"": false}]"
61,毎朝,31,毎朝ジョギングをしています。,매일 아침 조깅을 하고 있습니다.,"[{""surface"": ""毎朝"", ""kanji"": ""毎朝"", ""furigana"": ""まいあさ"", ""hasKanji"": true}, {""surface"": ""ジョギング"", ""hasKanji"": false}, {""surface"": ""を"", ""hasKanji"": false}, {""surface"": ""し"", ""hasKanji"": false}, {""surface"": ""て"", ""hasKanji"": false}, {""surface"": ""い"", ""hasKanji"": false}, {""surface"": ""ます"", ""hasKanji"": false}, {""surface"": ""。"", ""hasKanji"": false}]"
62,毎朝,31,毎朝七時に起きます。,매일 아침 7시에 일어납니다.,"[{""surface"": ""毎朝"", ""kanji"": ""毎朝"", ""furigana"": ""まいあさ"", ""hasKanji"": true}, {""surface"": ""七"", ""kanji"": ""七"", ""furigana"": ""しち"", ""hasKanji"": true}, {""surface"": ""時"", ""kanji"": ""時"", ""furigana"": ""じ"", ""hasKanji"": true}, {""surface"": ""に"", ""hasKanji"": false}, {""surface"": ""起き"", ""kanji"": ""起"", ""furigana"": ""お"", ""hasKanji"": true}, {""surface"": ""ます"", ""hasKanji"": false}, {""surface"": ""。"", ""hasKanji"": false}]"
63,毎晩,32,毎晩十時に寝ます。,매일 밤 10시에 잡니다.,"[{""surface"": ""毎晩"", ""kanji"": ""毎晩"", ""furigana"": ""まいばん"", ""hasKanji"": true}, {""surface"": ""十"", ""kanji"": ""十"", ""furigana"": ""じゅう"", ""hasKanji"": true}, {""surface"": ""時"", ""kanji"": ""時"", ""furigana"": ""じ"", ""hasKanji"": true}, {""surface"": ""に"", ""hasKanji"": false}, {""surface"": ""寝"", ""kanji"": ""寝"", ""furigana"": ""ね"", ""hasKanji"": true}, {""surface"": ""ます"", ""hasKanji"": false}, {""surface"": ""。"", ""hasKanji"": false}]"
64,毎晩,32,毎晩音楽を聴きます。,매일 밤 음악을 듣습니다.,"[{""surface"": ""毎晩"", ""kanji"": ""毎晩"", ""furigana"": ""まいばん"", ""hasKanji"": true}, {""surface"": ""音楽"", ""kanji"": ""音楽"", ""furigana"": ""おんがく"", ""hasKanji"": true}, {""surface"": ""を"", ""hasKanji"": false}, {""surface"": ""聴き"", ""kanji"": ""聴"", ""furigana"": ""き"", ""hasKanji"": true}, {""surface"": ""ます"", ""hasKanji"": false}, {""surface"": ""。"", ""hasKanji"": false}]"
65,午前,33,会議は午前中にあります。,회의는 오전 중에 있습니다.,"[{""surface"": ""会議"", ""kanji"": ""会議"", ""furigana"": ""かいぎ"", ""hasKanji"": true}, {""surface"": ""は"", ""hasKanji"": false}, {""surface"": ""午前"", ""kanji"": ""午前"", ""furigana"": ""ごぜん"", ""hasKanji"": true}, {""surface"": ""中"", ""kanji"": ""中"", ""furigana"": ""ちゅう"", ""hasKanji"": true}, {""surface"": ""に"", ""hasKanji"": false}, {""surface"": ""あり"", ""hasKanji"": false}, {""surface"": ""ます"", ""hasKanji"": false}, {""surface"": ""。"", ""hasKanji"": false}]"
66,午前,33,午前十時に出発します。,오전 10시에 출발합니다.,"[{""surface"": ""午前"", ""kanji"": ""午前"", ""furigana"": ""ごぜん"", ""hasKanji"": true}, {""surface"": ""十"", ""kanji"": ""十"", ""furigana"": ""じゅう"", ""hasKanji"": true}, {""surface"": ""時"", ""kanji"": ""時"", ""furigana"": ""じ"", ""hasKanji"": true}, {""surface"": ""に"", ""hasKanji"": false}, {""surface"": ""出発"", ""kanji"": ""出発"", ""furigana"": ""しゅっぱつ"", ""hasKanji"": true}, {""surface"": ""し"", ""hasKanji"": false}, {""surface"": ""ます"", ""hasKanji"": false}, {""surface"": ""。"", ""hasKanji"": false}]"
67,午後,34,午後から授業があります。,오후부터 수업이 있습니다.,"[{""surface"": ""午後"", ""kanji"": ""午後"", ""furigana"": ""ごご"", ""hasKanji"": true}, {""surface"": ""から"", ""hasKanji"": false}, {""surface"": ""授業"", ""kanji"": ""授業"", ""furigana"": ""じゅぎょう"", ""hasKanji"": true}, {""surface"": ""が"", ""hasKanji"": false}, {""surface"": ""あり"", ""hasKanji"": false}, {""surface"": ""ます"", ""hasKanji"": false}, {""surface"": ""。"", ""hasKanji"": false}]"
68,午後,34,午後三時にお茶を飲みました。,오후 3시에 차를 마셨습니다.,"[{""surface"": ""午後"", ""kanji"": ""午後"", ""furigana"": ""ごご"", ""hasKanji"": true}, {""surface"": ""三"", ""kanji"": ""三"", ""furigana"": ""さん"", ""hasKanji"": true}, {""surface"": ""時"", ""kanji"": ""時"", ""furigana"": ""じ"", ""hasKanji"": true}, {""surface"": ""に"", ""hasKanji"": false}, {""surface"": ""お"", ""hasKanji"": false}, {""surface"": ""茶"", ""kanji"": ""茶"", ""furigana"": ""ちゃ"", ""hasKanji"": true}, {""surface"": ""を"", ""hasKanji"": false}, {""surface"": ""飲み"", ""kanji"": ""飲"", ""furigana"": ""の"", ""hasKanji"": true}, {""surface"": ""まし"", ""hasKanji"": false}, {""surface"": ""た"", ""hasKanji"": false}, {""surface"": ""。"", ""hasKanji"": false}]"
69,昔,35,昔、この町には川がありました。,옛날 이 마을에는 강이 있었습니다.,"[{""surface"": ""昔"", ""kanji"": ""昔"", ""furigana"": ""むかし"", ""hasKanji"": true}, {""surface"": ""、"", ""hasKanji"": false}, {""surface"": ""この"", ""hasKanji"": false}, {""surface"": ""町"", ""kanji"": ""町"", ""furigana"": ""まち"", ""hasKanji"": true}, {""surface"": ""に"", ""hasKanji"": false}, {""surface"": ""は"", ""hasKanji"": false}, {""surface"": ""川"", ""kanji"": ""川"", ""furigana"": ""かわ"", ""hasKanji"": true}, {""surface"": ""が"", ""hasKanji"": false}, {""surface"": ""あり"", ""hasKanji"": false}, {""surface"": ""まし"", ""hasKanji"": false}, {""surface"": ""た"", ""hasKanji"": false}, {""surface"": ""。"", ""hasKanji"": false}]"
70,昔,35,昔話を子どもに聞かせました。,옛날 이야기를 아이에게 들려줬습니다.,"[{""surface"": ""昔話"", ""kanji"": ""昔話"", ""furigana"": ""むかしばなし"", ""hasKanji"": true}, {""surface"": ""を"", ""hasKanji"": false}, {""surface"": ""子ども"", ""kanji"": ""子"", ""furigana"": ""こ"", ""hasKanji"": true}, {""surface"": ""に"", ""hasKanji"": false}, {""surface"": ""聞か"", ""kanji"": ""聞"", ""furigana"": ""き"", ""hasKanji"": true}, {""surface"": ""せ"", ""hasKanji"": false}, {""surface"": ""まし"", ""hasKanji"": false}, {""surface"": ""た"", ""hasKanji"": false}, {""surface"": ""。"", ""hasKanji"": false}]"
71,今,36,今、何をしていますか？,지금 무엇을 하고 있습니까?,"[{""surface"": ""今"", ""kanji"": ""今"", ""furigana"": ""いま"", ""hasKanji"": true}, {""surface"": ""、"", ""hasKanji"": false}, {""surface"": ""何"", ""kanji"": ""何"", ""furigana"": ""なん"", ""hasKanji"": true}, {""surface"": ""を"", ""hasKanji"": false}, {""surface"": ""し"", ""hasKanji"": false}, {""surface"": ""て"", ""hasKanji"": false}, {""surface"": ""い"", ""hasKanji"": false}, {""surface"": ""ます"", ""hasKanji"": false}, {""surface"": ""か"", ""hasKanji"": false}, {""surface"": ""？"", ""hasKanji"": false}]"
72,今,36,今すぐ行きます。,지금 바로 갑니다.,"[{""surface"": ""今"", ""kanji"": ""今"", ""furigana"": ""いま"", ""hasKanji"": true}, {""surface"": ""すぐ"", ""hasKanji"": false}, {""surface"": ""行き"", ""kanji"": ""行"", ""furigana"": ""い"", ""hasKanji"": true}, {""surface"": ""ます"", ""hasKanji"": false}, {""surface"": ""。"", ""hasKanji"": false}]"
73,後,37,後で電話をかけます。,나중에 전화를 걸겠습니다.,"[{""surface"": ""後"", ""kanji"": ""後"", ""furigana"": ""あと"", ""hasKanji"": true}, {""surface"": ""で"", ""hasKanji"": false}, {""surface"": ""電話"", ""kanji"": ""電話"", ""furigana"": ""でんわ"", ""hasKanji"": true}, {""surface"": ""を"", ""hasKanji"": false}, {""surface"": ""かけ"", ""hasKanji"": false}, {""surface"": ""ます"", ""hasKanji"": false}, {""surface"": ""。"", ""hasKanji"": false}]"
74,後,37,映画の後、食事をしました。,영화 후에 식사를 했습니다.,"[{""surface"": ""映画"", ""kanji"": ""映画"", ""furigana"": ""えいが"", ""hasKanji"": true}, {""surface"": ""の"", ""hasKanji"": false}, {""surface"": ""後"", ""kanji"": ""後"", ""furigana"": ""あと"", ""hasKanji"": true}, {""surface"": ""、"", ""hasKanji"": false}, {""surface"": ""食事"", ""kanji"": ""食事"", ""furigana"": ""しょくじ"", ""hasKanji"": true}, {""surface"": ""を"", ""hasKanji"": false}, {""surface"": ""し"", ""hasKanji"": false}, {""surface"": ""まし"", ""hasKanji"": false}, {""surface"": ""た"", ""hasKanji"": false}, {""surface"": ""。"", ""hasKanji"": false}]"
75,もう,38,もう一度お願いします。,한 번 더 부탁합니다.,"[{""surface"": ""もう"", ""hasKanji"": false}, {""surface"": ""一"", ""kanji"": ""一"", ""furigana"": ""いち"", ""hasKanji"": true}, {""surface"": ""度"", ""kanji"": ""度"", ""furigana"": ""ど"", ""hasKanji"": true}, {""surface"": ""お"", ""hasKanji"": false}, {""surface"": ""願い"", ""kanji"": ""願"", ""furigana"": ""ねが"", ""hasKanji"": true}, {""surface"": ""し"", ""hasKanji"": false}, {""surface"": ""ます"", ""hasKanji"": false}, {""surface"": ""。"", ""hasKanji"": false}]"
76,もう,38,もう時間がありません。,더 이상 시간이 없습니다.,"[{""surface"": ""もう"", ""hasKanji"": false}, {""surface"": ""時間"", ""kanji"": ""時間"", ""furigana"": ""じかん"", ""hasKanji"": true}, {""surface"": ""が"", ""hasKanji"": false}, {""surface"": ""あり"", ""hasKanji"": false}, {""surface"": ""ませ"", ""hasKanji"": false}, {""surface"": ""ん"", ""hasKanji"": false}, {""surface"": ""。"", ""hasKanji"": false}]"
77,最後,39,最後の電車に乗りました。,마지막 전차를 탔습니다.,"[{""surface"": ""最後"", ""kanji"": ""最後"", ""furigana"": ""さいご"", ""hasKanji"": true}, {""surface"": ""の"", ""hasKanji"": false}, {""surface"": ""電車"", ""kanji"": ""電車"", ""furigana"": ""でんしゃ"", ""hasKanji"": true}, {""surface"": ""に"", ""hasKanji"": false}, {""surface"": ""乗り"", ""kanji"": ""乗"", ""furigana"": ""の"", ""hasKanji"": true}, {""surface"": ""まし"", ""hasKanji"": false}, {""surface"": ""た"", ""hasKanji"": false}, {""surface"": ""。"", ""hasKanji"": false}]"
78,最後,39,試合の最後で勝ちました。,시합의 마지막에 이겼습니다.,"[{""surface"": ""試合"", ""kanji"": ""試合"", ""furigana"": ""しあい"", ""hasKanji"": true}, {""surface"": ""の"", ""hasKanji"": false}, {""surface"": ""最後"", ""kanji"": ""最後"", ""furigana"": ""さいご"", ""hasKanji"": true}, {""surface"": ""で"", ""hasKanji"": false}, {""surface"": ""勝ち"", ""kanji"": ""勝"", ""furigana"": ""か"", ""hasKanji"": true}, {""surface"": ""まし"", ""hasKanji"": false}, {""surface"": ""た"", ""hasKanji"": false}, {""surface"": ""。"", ""hasKanji"": false}]"
79,遅い,40,バスが遅いですね。,버스가 늦네요.,"[{""surface"": ""バス"", ""hasKanji"": false}, {""surface"": ""が"", ""hasKanji"": false}, {""surface"": ""遅い"", ""kanji"": ""遅"", ""furigana"": ""おそ"", ""hasKanji"": true}, {""surface"": ""です"", ""hasKanji"": false}, {""surface"": ""ね"", ""hasKanji"": false}, {""surface"": ""。"", ""hasKanji"": false}]"
80,遅い,40,帰りが遅くなりました。,귀가가 늦어졌습니다.,"[{""surface"": ""帰り"", ""kanji"": ""帰"", ""furigana"": ""かえ"", ""hasKanji"": true}, {""surface"": ""が"", ""hasKanji"": false}, {""surface"": ""遅く"", ""kanji"": ""遅"", ""furigana"": ""おそ"", ""hasKanji"": true}, {""surface"": ""なり"", ""hasKanji"": false}, {""surface"": ""まし"", ""hasKanji"": false}, {""surface"": ""た"", ""hasKanji"": false}, {""surface"": ""。"", ""hasKanji"": false}]"
81,一日中,41,一日中雨が降っていました。,하루 종일 비가 내렸습니다.,"[{""surface"": ""一"", ""kanji"": ""一"", ""furigana"": ""いち"", ""hasKanji"": true}, {""surface"": ""日中"", ""kanji"": ""日中"", ""furigana"": ""にっちゅう"", ""hasKanji"": true}, {""surface"": ""雨"", ""kanji"": ""雨"", ""furigana"": ""う"", ""hasKanji"": true}, {""surface"": ""が"", ""hasKanji"": false}, {""surface"": ""降っ"", ""kanji"": ""降"", ""furigana"": ""ふ"", ""hasKanji"": true}, {""surface"": ""て"", ""hasKanji"": false}, {""surface"": ""い"", ""hasKanji"": false}, {""surface"": ""まし"", ""hasKanji"": false}, {""surface"": ""た"", ""hasKanji"": false}, {""surface"": ""。"", ""hasKanji"": false}]"
82,一日中,41,昨日は一日中家にいました。,어제는 하루 종일 집에 있었습니다.,"[{""surface"": ""昨日"", ""kanji"": ""昨日"", ""furigana"": ""きのう"", ""hasKanji"": true}, {""surface"": ""は"", ""hasKanji"": false}, {""surface"": ""一"", ""kanji"": ""一"", ""furigana"": ""いち"", ""hasKanji"": true}, {""surface"": ""日中"", ""kanji"": ""日中"", ""furigana"": ""にっちゅう"", ""hasKanji"": true}, {""surface"": ""家"", ""kanji"": ""家"", ""furigana"": ""か"", ""hasKanji"": true}, {""surface"": ""に"", ""hasKanji"": false}, {""surface"": ""い"", ""hasKanji"": false}, {""surface"": ""まし"", ""hasKanji"": false}, {""surface"": ""た"", ""hasKanji"": false}, {""surface"": ""。"", ""hasKanji"": false}]"
83,以内,42,一時間以内に終わります。,한 시간 이내에 끝납니다.,"[{""surface"": ""一"", ""kanji"": ""一"", ""furigana"": ""いち"", ""hasKanji"": true}, {""surface"": ""時間"", ""kanji"": ""時間"", ""furigana"": ""じかん"", ""hasKanji"": true}, {""surface"": ""以内"", ""kanji"": ""以内"", ""furigana"": ""いない"", ""hasKanji"": true}, {""surface"": ""に"", ""hasKanji"": false}, {""surface"": ""終わり"", ""kanji"": ""終"", ""furigana"": ""お"", ""hasKanji"": true}, {""surface"": ""ます"", ""hasKanji"": false}, {""surface"": ""。"", ""hasKanji"": false}]"
84,以内,42,三日以内に連絡します。,3일 이내에 연락하겠습니다.,"[{""surface"": ""三"", ""kanji"": ""三"", ""furigana"": ""みっ"", ""hasKanji"": true}, {""surface"": ""日"", ""kanji"": ""日"", ""furigana"": ""か"", ""hasKanji"": true}, {""surface"": ""以内"", ""kanji"": ""以内"", ""furigana"": ""いない"", ""hasKanji"": true}, {""surface"": ""に"", ""hasKanji"": false}, {""surface"": ""連絡"", ""kanji"": ""連絡"", ""furigana"": ""れんらく"", ""hasKanji"": true}, {""surface"": ""し"", ""hasKanji"": false}, {""surface"": ""ます"", ""hasKanji"": false}, {""surface"": ""。"", ""hasKanji"": false}]"
85,時間,43,時間がありません。,시간이 없습니다.,"[{""surface"": ""時間"", ""kanji"": ""時間"", ""furigana"": ""じかん"", ""hasKanji"": true}, {""surface"": ""が"", ""hasKanji"": false}, {""surface"": ""あり"", ""hasKanji"": false}, {""surface"": ""ませ"", ""hasKanji"": false}, {""surface"": ""ん"", ""hasKanji"": false}, {""surface"": ""。"", ""hasKanji"": false}]"
86,時間,43,勉強する時間を作りました。,공부할 시간을 만들었습니다.,"[{""surface"": ""勉強"", ""kanji"": ""勉強"", ""furigana"": ""べんきょう"", ""hasKanji"": true}, {""surface"": ""する"", ""hasKanji"": false}, {""surface"": ""時間"", ""kanji"": ""時間"", ""furigana"": ""じかん"", ""hasKanji"": true}, {""surface"": ""を"", ""hasKanji"": false}, {""surface"": ""作り"", ""kanji"": ""作"", ""furigana"": ""つく"", ""hasKanji"": true}, {""surface"": ""まし"", ""hasKanji"": false}, {""surface"": ""た"", ""hasKanji"": false}, {""surface"": ""。"", ""hasKanji"": false}]"
87,時,44,困った時は友達に相談します。,곤란할 때는 친구와 상담합니다.,"[{""surface"": ""困っ"", ""kanji"": ""困"", ""furigana"": ""こま"", ""hasKanji"": true}, {""surface"": ""た"", ""hasKanji"": false}, {""surface"": ""時"", ""kanji"": ""時"", ""furigana"": ""とき"", ""hasKanji"": true}, {""surface"": ""は"", ""hasKanji"": false}, {""surface"": ""友達"", ""kanji"": ""友達"", ""furigana"": ""ともだち"", ""hasKanji"": true}, {""surface"": ""に"", ""hasKanji"": false}, {""surface"": ""相談"", ""kanji"": ""相談"", ""furigana"": ""そうだん"", ""hasKanji"": true}, {""surface"": ""し"", ""hasKanji"": false}, {""surface"": ""ます"", ""hasKanji"": false}, {""surface"": ""。"", ""hasKanji"": false}]"
88,時,44,眠い時はコーヒーを飲みます。,졸릴 때는 커피를 마십니다.,"[{""surface"": ""眠い"", ""kanji"": ""眠"", ""furigana"": ""ねむ"", ""hasKanji"": true}, {""surface"": ""時"", ""kanji"": ""時"", ""furigana"": ""とき"", ""hasKanji"": true}, {""surface"": ""は"", ""hasKanji"": false}, {""surface"": ""コーヒー"", ""hasKanji"": false}, {""surface"": ""を"", ""hasKanji"": false}, {""surface"": ""飲み"", ""kanji"": ""飲"", ""furigana"": ""の"", ""hasKanji"": true}, {""surface"": ""ます"", ""hasKanji"": false}, {""surface"": ""。"", ""hasKanji"": false}]"
89,おととい,45,おととい友達に会いました。,그저께 친구를 만났습니다.,"[{""surface"": ""おととい"", ""hasKanji"": false}, {""surface"": ""友達"", ""kanji"": ""友達"", ""furigana"": ""ともだち"", ""hasKanji"": true}, {""surface"": ""に"", ""hasKanji"": false}, {""surface"": ""会い"", ""kanji"": ""会"", ""furigana"": ""あ"", ""hasKanji"": true}, {""surface"": ""まし"", ""hasKanji"": false}, {""surface"": ""た"", ""hasKanji"": false}, {""surface"": ""。"", ""hasKanji"": false}]"
90,おととい,45,おととい映画を見ました。,그저께 영화를 봤습니다.,"[{""surface"": ""おととい"", ""hasKanji"": false}, {""surface"": ""映画"", ""kanji"": ""映画"", ""furigana"": ""えいが"", ""hasKanji"": true}, {""surface"": ""を"", ""hasKanji"": false}, {""surface"": ""見"", ""kanji"": ""見"", ""furigana"": ""み"", ""hasKanji"": true}, {""surface"": ""まし"", ""hasKanji"": false}, {""surface"": ""た"", ""hasKanji"": false}, {""surface"": ""。"", ""hasKanji"": false}]"
91,二日前,46,二日前に予約しました。,이틀 전에 예약했습니다.,"[{""surface"": ""二"", ""kanji"": ""二"", ""furigana"": ""ふた"", ""hasKanji"": true}, {""surface"": ""日"", ""kanji"": ""日"", ""furigana"": ""か"", ""hasKanji"": true}, {""surface"": ""前"", ""kanji"": ""前"", ""furigana"": ""まえ"", ""hasKanji"": true}, {""surface"": ""に"", ""hasKanji"": false}, {""surface"": ""予約"", ""kanji"": ""予約"", ""furigana"": ""よやく"", ""hasKanji"": true}, {""surface"": ""し"", ""hasKanji"": false}, {""surface"": ""まし"", ""hasKanji"": false}, {""surface"": ""た"", ""hasKanji"": false}, {""surface"": ""。"", ""hasKanji"": false}]"
92,二日前,46,二日前から風邪をひいています。,이틀 전부터 감기에 걸렸습니다.,"[{""surface"": ""二"", ""kanji"": ""二"", ""furigana"": ""ふた"", ""hasKanji"": true}, {""surface"": ""日"", ""kanji"": ""日"", ""furigana"": ""か"", ""hasKanji"": true}, {""surface"": ""前"", ""kanji"": ""前"", ""furigana"": ""まえ"", ""hasKanji"": true}, {""surface"": ""から"", ""hasKanji"": false}, {""surface"": ""風邪"", ""kanji"": ""風邪"", ""furigana"": ""かぜ"", ""hasKanji"": true}, {""surface"": ""を"", ""hasKanji"": false}, {""surface"": ""ひい"", ""hasKanji"": false}, {""surface"": ""て"", ""hasKanji"": false}, {""surface"": ""い"", ""hasKanji"": false}, {""surface"": ""ます"", ""hasKanji"": false}, {""surface"": ""。"", ""hasKanji"": false}]"
93,昨日,47,昨日は疲れました。,어제는 피곤했습니다.,"[{""surface"": ""昨日"", ""kanji"": ""昨日"", ""furigana"": ""きのう"", ""hasKanji"": true}, {""surface"": ""は"", ""hasKanji"": false}, {""surface"": ""疲れ"", ""kanji"": ""疲"", ""furigana"": ""つか"", ""hasKanji"": true}, {""surface"": ""まし"", ""hasKanji"": false}, {""surface"": ""た"", ""hasKanji"": false}, {""surface"": ""。"", ""hasKanji"": false}]"
94,昨日,47,昨日友達と食事しました。,어제 친구와 식사했습니다.,"[{""surface"": ""昨日"", ""kanji"": ""昨日"", ""furigana"": ""きのう"", ""hasKanji"": true}, {""surface"": ""友達"", ""kanji"": ""友達"", ""furigana"": ""ともだち"", ""hasKanji"": true}, {""surface"": ""と"", ""hasKanji"": false}, {""surface"": ""食事"", ""kanji"": ""食事"", ""furigana"": ""しょくじ"", ""hasKanji"": true}, {""surface"": ""し"", ""hasKanji"": false}, {""surface"": ""まし"", ""hasKanji"": false}, {""surface"": ""た"", ""hasKanji"": false}, {""surface"": ""。"", ""hasKanji"": false}]"
95,今日,48,今日は暑いです。,오늘은 덥습니다.,"[{""surface"": ""今日"", ""kanji"": ""今日"", ""furigana"": ""きょう"", ""hasKanji"": true}, {""surface"": ""は"", ""hasKanji"": false}, {""surface"": ""暑い"", ""kanji"": ""暑"", ""furigana"": ""あつ"", ""hasKanji"": true}, {""surface"": ""です"", ""hasKanji"": false}, {""surface"": ""。"", ""hasKanji"": false}]"
96,今日,48,今日の予定は何ですか？,오늘의 일정은 무엇입니까?,"[{""surface"": ""今日"", ""kanji"": ""今日"", ""furigana"": ""きょう"", ""hasKanji"": true}, {""surface"": ""の"", ""hasKanji"": false}, {""surface"": ""予定"", ""kanji"": ""予定"", ""furigana"": ""よてい"", ""hasKanji"": true}, {""surface"": ""は"", ""hasKanji"": false}, {""surface"": ""何"", ""kanji"": ""何"", ""furigana"": ""なん"", ""hasKanji"": true}, {""surface"": ""です"", ""hasKanji"": false}, {""surface"": ""か"", ""hasKanji"": false}, {""surface"": ""？"", ""hasKanji"": false}]"
97,明日,49,明日試験があります。,내일 시험이 있습니다.,"[{""surface"": ""明日"", ""kanji"": ""明日"", ""furigana"": ""あす"", ""hasKanji"": true}, {""surface"": ""試験"", ""kanji"": ""試験"", ""furigana"": ""しけん"", ""hasKanji"": true}, {""surface"": ""が"", ""hasKanji"": false}, {""surface"": ""あり"", ""hasKanji"": false}, {""surface"": ""ます"", ""hasKanji"": false}, {""surface"": ""。"", ""hasKanji"": false}]"
98,明日,49,明日は天気がいいです。,내일은 날씨가 좋습니다.,"[{""surface"": ""明日"", ""kanji"": ""明日"", ""furigana"": ""あす"", ""hasKanji"": true}, {""surface"": ""は"", ""hasKanji"": false}, {""surface"": ""天気"", ""kanji"": ""天気"", ""furigana"": ""てんき"", ""hasKanji"": true}, {""surface"": ""が"", ""hasKanji"": false}, {""surface"": ""いい"", ""hasKanji"": false}, {""surface"": ""です"", ""hasKanji"": false}, {""surface"": ""。"", ""hasKanji"": false}]"
99,あさって,50,あさって旅行に行きます。,모레 여행을 갑니다.,"[{""surface"": ""あさって"", ""hasKanji"": false}, {""surface"": ""旅行"", ""kanji"": ""旅行"", ""furigana"": ""りょこう"", ""hasKanji"": true}, {""surface"": ""に"", ""hasKanji"": false}, {""surface"": ""行き"", ""kanji"": ""行"", ""furigana"": ""い"", ""hasKanji"": true}, {""surface"": ""ます"", ""hasKanji"": false}, {""surface"": ""。"", ""hasKanji"": false}]"
100,あさって,50,あさっては休日です。,모레는 휴일입니다.,"[{""surface"": ""あさって"", ""hasKanji"": false}, {""surface"": ""は"", ""hasKanji"": false}, {""surface"": ""休日"", ""kanji"": ""休日"", ""furigana"": ""きゅうじつ"", ""hasKanji"": true}, {""surface"": ""です"", ""hasKanji"": false}, {""surface"": ""。"", ""hasKanji"": false}]"
101,先日,51,先日、先生に会いました。,며칠 전에 선생님을 만났습니다.,"[{""surface"": ""先日"", ""kanji"": ""先日"", ""furigana"": ""せんじつ"", ""hasKanji"": true}, {""surface"": ""、"", ""hasKanji"": false}, {""surface"": ""先生"", ""kanji"": ""先生"", ""furigana"": ""せんせい"", ""hasKanji"": true}, {""surface"": ""に"", ""hasKanji"": false}, {""surface"": ""会い"", ""kanji"": ""会"", ""furigana"": ""あ"", ""hasKanji"": true}, {""surface"": ""まし"", ""hasKanji"": false}, {""surface"": ""た"", ""hasKanji"": false}, {""surface"": ""。"", ""hasKanji"": false}]"
102,先日,51,先日送ったメールは届きましたか？,며칠 전에 보낸 메일은 도착했나요?,"[{""surface"": ""先日"", ""kanji"": ""先日"", ""furigana"": ""せんじつ"", ""hasKanji"": true}, {""surface"": ""送っ"", ""kanji"": ""送"", ""furigana"": ""おく"", ""hasKanji"": true}, {""surface"": ""た"", ""hasKanji"": false}, {""surface"": ""メール"", ""hasKanji"": false}, {""surface"": ""は"", ""hasKanji"": false}, {""surface"": ""届き"", ""kanji"": ""届"", ""furigana"": ""とど"", ""hasKanji"": true}, {""surface"": ""まし"", ""hasKanji"": false}, {""surface"": ""た"", ""hasKanji"": false}, {""surface"": ""か"", ""hasKanji"": false}, {""surface"": ""？"", ""hasKanji"": false}]"
103,先月,52,先月新しい店がオープンしました。,지난달에 새로운 가게가 열렸습니다.,"[{""surface"": ""先月"", ""kanji"": ""先月"", ""furigana"": ""せんげつ"", ""hasKanji"": true}, {""surface"": ""新しい"", ""kanji"": ""新"", ""furigana"": ""あたら"", ""hasKanji"": true}, {""surface"": ""店"", ""kanji"": ""店"", ""furigana"": ""みせ"", ""hasKanji"": true}, {""surface"": ""が"", ""hasKanji"": false}, {""surface"": ""オープン"", ""hasKanji"": false}, {""surface"": ""し"", ""hasKanji"": false}, {""surface"": ""まし"", ""hasKanji"": false}, {""surface"": ""た"", ""hasKanji"": false}, {""surface"": ""。"", ""hasKanji"": false}]"
104,先月,52,先月は忙しかったです。,지난달은 바빴습니다.,"[{""surface"": ""先月"", ""kanji"": ""先月"", ""furigana"": ""せんげつ"", ""hasKanji"": true}, {""surface"": ""は"", ""hasKanji"": false}, {""surface"": ""忙しかっ"", ""kanji"": ""忙"", ""furigana"": ""いそが"", ""hasKanji"": true}, {""surface"": ""た"", ""hasKanji"": false}, {""surface"": ""です"", ""hasKanji"": false}, {""surface"": ""。"", ""hasKanji"": false}]"
105,先週,53,先週映画を見ました。,지난주에 영화를 봤습니다.,"[{""surface"": ""先週"", ""kanji"": ""先週"", ""furigana"": ""せんしゅう"", ""hasKanji"": true}, {""surface"": ""映画"", ""kanji"": ""映画"", ""furigana"": ""えいが"", ""hasKanji"": true}, {""surface"": ""を"", ""hasKanji"": false}, {""surface"": ""見"", ""kanji"": ""見"", ""furigana"": ""み"", ""hasKanji"": true}, {""surface"": ""まし"", ""hasKanji"": false}, {""surface"": ""た"", ""hasKanji"": false}, {""surface"": ""。"", ""hasKanji"": false}]"
106,先週,53,先週のテストは難しかったです。,지난주 시험은 어려웠습니다.,"[{""surface"": ""先週"", ""kanji"": ""先週"", ""furigana"": ""せんしゅう"", ""hasKanji"": true}, {""surface"": ""の"", ""hasKanji"": false}, {""surface"": ""テスト"", ""hasKanji"": false}, {""surface"": ""は"", ""hasKanji"": false}, {""surface"": ""難しかっ"", ""kanji"": ""難"", ""furigana"": ""むずか"", ""hasKanji"": true}, {""surface"": ""た"", ""hasKanji"": false}, {""surface"": ""です"", ""hasKanji"": false}, {""surface"": ""。"", ""hasKanji"": false}]"
107,今月,54,今月は出張があります。,이번 달에는 출장이 있습니다.,"[{""surface"": ""今月"", ""kanji"": ""今月"", ""furigana"": ""こんげつ"", ""hasKanji"": true}, {""surface"": ""は"", ""hasKanji"": false}, {""surface"": ""出張"", ""kanji"": ""出張"", ""furigana"": ""しゅっちょう"", ""hasKanji"": true}, {""surface"": ""が"", ""hasKanji"": false}, {""surface"": ""あり"", ""hasKanji"": false}, {""surface"": ""ます"", ""hasKanji"": false}, {""surface"": ""。"", ""hasKanji"": false}]"
108,今月,54,今月の予定を確認してください。,이번 달 일정을 확인해 주세요.,"[{""surface"": ""今月"", ""kanji"": ""今月"", ""furigana"": ""こんげつ"", ""hasKanji"": true}, {""surface"": ""の"", ""hasKanji"": false}, {""surface"": ""予定"", ""kanji"": ""予定"", ""furigana"": ""よてい"", ""hasKanji"": true}, {""surface"": ""を"", ""hasKanji"": false}, {""surface"": ""確認"", ""kanji"": ""確認"", ""furigana"": ""かくにん"", ""hasKanji"": true}, {""surface"": ""し"", ""hasKanji"": false}, {""surface"": ""て"", ""hasKanji"": false}, {""surface"": ""ください"", ""hasKanji"": false}, {""surface"": ""。"", ""hasKanji"": false}]"
109,今週,55,今週は雨が多いです。,이번 주는 비가 많이 옵니다.,"[{""surface"": ""今週"", ""kanji"": ""今週"", ""furigana"": ""こんしゅう"", ""hasKanji"": true}, {""surface"": ""は"", ""hasKanji"": false}, {""surface"": ""雨"", ""kanji"": ""雨"", ""furigana"": ""あめ"", ""hasKanji"": true}, {""surface"": ""が"", ""hasKanji"": false}, {""surface"": ""多い"", ""kanji"": ""多"", ""furigana"": ""おお"", ""hasKanji"": true}, {""surface"": ""です"", ""hasKanji"": false}, {""surface"": ""。"", ""hasKanji"": false}]"
110,今週,55,今週の宿題をもう終えました。,이번 주 숙제는 이미 끝냈습니다.,"[{""surface"": ""今週"", ""kanji"": ""今週"", ""furigana"": ""こんしゅう"", ""hasKanji"": true}, {""surface"": ""の"", ""hasKanji"": false}, {""surface"": ""宿題"", ""kanji"": ""宿題"", ""furigana"": ""しゅくだい"", ""hasKanji"": true}, {""surface"": ""を"", ""hasKanji"": false}, {""surface"": ""もう"", ""hasKanji"": false}, {""surface"": ""終え"", ""kanji"": ""終"", ""furigana"": ""お"", ""hasKanji"": true}, {""surface"": ""まし"", ""hasKanji"": false}, {""surface"": ""た"", ""hasKanji"": false}, {""surface"": ""。"", ""hasKanji"": false}]"
111,来月,56,来月引っ越します。,다음 달에 이사합니다.,"[{""surface"": ""来月"", ""kanji"": ""来月"", ""furigana"": ""らいげつ"", ""hasKanji"": true}, {""surface"": ""引っ越し"", ""kanji"": ""引越"", ""furigana"": ""ひっこし"", ""hasKanji"": true}, {""surface"": ""ます"", ""hasKanji"": false}, {""surface"": ""。"", ""hasKanji"": false}]"
112,来月,56,来月はイベントがあります。,다음 달에는 행사가 있습니다.,"[{""surface"": ""来月"", ""kanji"": ""来月"", ""furigana"": ""らいげつ"", ""hasKanji"": true}, {""surface"": ""は"", ""hasKanji"": false}, {""surface"": ""イベント"", ""hasKanji"": false}, {""surface"": ""が"", ""hasKanji"": false}, {""surface"": ""あり"", ""hasKanji"": false}, {""surface"": ""ます"", ""hasKanji"": false}, {""surface"": ""。"", ""hasKanji"": false}]"
113,来週,57,来週テストがあります。,다음 주에 시험이 있습니다.,"[{""surface"": ""来週"", ""kanji"": ""来週"", ""furigana"": ""らいしゅう"", ""hasKanji"": true}, {""surface"": ""テスト"", ""hasKanji"": false}, {""surface"": ""が"", ""hasKanji"": false}, {""surface"": ""あり"", ""hasKanji"": false}, {""surface"": ""ます"", ""hasKanji"": false}, {""surface"": ""。"", ""hasKanji"": false}]"
114,来週,57,来週また会いましょう。,다음 주에 다시 만나요.,"[{""surface"": ""来週"", ""kanji"": ""来週"", ""furigana"": ""らいしゅう"", ""hasKanji"": true}, {""surface"": ""また"", ""hasKanji"": false}, {""surface"": ""会い"", ""kanji"": ""会"", ""furigana"": ""あ"", ""hasKanji"": true}, {""surface"": ""ましょう"", ""hasKanji"": false}, {""surface"": ""。"", ""hasKanji"": false}]"
115,おととし,58,おととし日本へ行きました。,재작년에 일본에 갔습니다.,"[{""surface"": ""おととし"", ""hasKanji"": false}, {""surface"": ""日本"", ""kanji"": ""日本"", ""furigana"": ""にっぽん"", ""hasKanji"": true}, {""surface"": ""へ"", ""hasKanji"": false}, {""surface"": ""行き"", ""kanji"": ""行"", ""furigana"": ""い"", ""hasKanji"": true}, {""surface"": ""まし"", ""hasKanji"": false}, {""surface"": ""た"", ""hasKanji"": false}, {""surface"": ""。"", ""hasKanji"": false}]"
116,おととし,58,おととし大学を卒業しました。,재작년에 대학을 졸업했습니다.,"[{""surface"": ""おととし"", ""hasKanji"": false}, {""surface"": ""大学"", ""kanji"": ""大学"", ""furigana"": ""だいがく"", ""hasKanji"": true}, {""surface"": ""を"", ""hasKanji"": false}, {""surface"": ""卒業"", ""kanji"": ""卒業"", ""furigana"": ""そつぎょう"", ""hasKanji"": true}, {""surface"": ""し"", ""hasKanji"": false}, {""surface"": ""まし"", ""hasKanji"": false}, {""surface"": ""た"", ""hasKanji"": false}, {""surface"": ""。"", ""hasKanji"": false}]"
117,二年前,59,二年前に結婚しました。,2년 전에 결혼했습니다.,"[{""surface"": ""二"", ""kanji"": ""二"", ""furigana"": ""に"", ""hasKanji"": true}, {""surface"": ""年"", ""kanji"": ""年"", ""furigana"": ""ねん"", ""hasKanji"": true}, {""surface"": ""前"", ""kanji"": ""前"", ""furigana"": ""まえ"", ""hasKanji"": true}, {""surface"": ""に"", ""hasKanji"": false}, {""surface"": ""結婚"", ""kanji"": ""結婚"", ""furigana"": ""けっこん"", ""hasKanji"": true}, {""surface"": ""し"", ""hasKanji"": false}, {""surface"": ""まし"", ""hasKanji"": false}, {""surface"": ""た"", ""hasKanji"": false}, {""surface"": ""。"", ""hasKanji"": false}]"
118,二年前,59,二年前から日本語を勉強しています。,2년 전부터 일본어를 공부하고 있습니다.,"[{""surface"": ""二"", ""kanji"": ""二"", ""furigana"": ""に"", ""hasKanji"": true}, {""surface"": ""年"", ""kanji"": ""年"", ""furigana"": ""ねん"", ""hasKanji"": true}, {""surface"": ""前"", ""kanji"": ""前"", ""furigana"": ""まえ"", ""hasKanji"": true}, {""surface"": ""から"", ""hasKanji"": false}, {""surface"": ""日本"", ""kanji"": ""日本"", ""furigana"": ""にっぽん"", ""hasKanji"": true}, {""surface"": ""語"", ""kanji"": ""語"", ""furigana"": ""ご"", ""hasKanji"": true}, {""surface"": ""を"", ""hasKanji"": false}, {""surface"": ""勉強"", ""kanji"": ""勉強"", ""furigana"": ""べんきょう"", ""hasKanji"": true}, {""surface"": ""し"", ""hasKanji"": false}, {""surface"": ""て"", ""hasKanji"": false}, {""surface"": ""い"", ""hasKanji"": false}, {""surface"": ""ます"", ""hasKanji"": false}, {""surface"": ""。"", ""hasKanji"": false}]"
119,去年,60,去年の夏は暑かったです。,작년 여름은 더웠습니다.,"[{""surface"": ""去年"", ""kanji"": ""去年"", ""furigana"": ""きょねん"", ""hasKanji"": true}, {""surface"": ""の"", ""hasKanji"": false}, {""surface"": ""夏"", ""kanji"": ""夏"", ""furigana"": ""なつ"", ""hasKanji"": true}, {""surface"": ""は"", ""hasKanji"": false}, {""surface"": ""暑かっ"", ""kanji"": ""暑"", ""furigana"": ""あつ"", ""hasKanji"": true}, {""surface"": ""た"", ""hasKanji"": false}, {""surface"": ""です"", ""hasKanji"": false}, {""surface"": ""。"", ""hasKanji"": false}]"
120,去年,60,去年新しい仕事を始めました。,작년에 새로운 일을 시작했습니다.,"[{""surface"": ""去年"", ""kanji"": ""去年"", ""furigana"": ""きょねん"", ""hasKanji"": true}, {""surface"": ""新しい"", ""kanji"": ""新"", ""furigana"": ""あたら"", ""hasKanji"": true}, {""surface"": ""仕事"", ""kanji"": ""仕事"", ""furigana"": ""しごと"", ""hasKanji"": true}, {""surface"": ""を"", ""hasKanji"": false}, {""surface"": ""始め"", ""kanji"": ""始"", ""furigana"": ""はじ"", ""hasKanji"": true}, {""surface"": ""まし"", ""hasKanji"": false}, {""surface"": ""た"", ""hasKanji"": false}, {""surface"": ""。"", ""hasKanji"": false}]"
121,今年,61,今年は大学に入学しました。,올해는 대학에 입학했습니다.,"[{""surface"": ""今年"", ""kanji"": ""今年"", ""furigana"": ""ことし"", ""hasKanji"": true}, {""surface"": ""は"", ""hasKanji"": false}, {""surface"": ""大学"", ""kanji"": ""大学"", ""furigana"": ""だいがく"", ""hasKanji"": true}, {""surface"": ""に"", ""hasKanji"": false}, {""surface"": ""入学"", ""kanji"": ""入学"", ""furigana"": ""にゅうがく"", ""hasKanji"": true}, {""surface"": ""し"", ""hasKanji"": false}, {""surface"": ""まし"", ""hasKanji"": false}, {""surface"": ""た"", ""hasKanji"": false}, {""surface"": ""。"", ""hasKanji"": false}]"
122,今年,61,今年の冬はとても寒いです。,올해 겨울은 매우 춥습니다.,"[{""surface"": ""今年"", ""kanji"": ""今年"", ""furigana"": ""ことし"", ""hasKanji"": true}, {""surface"": ""の"", ""hasKanji"": false}, {""surface"": ""冬"", ""kanji"": ""冬"", ""furigana"": ""ふゆ"", ""hasKanji"": true}, {""surface"": ""は"", ""hasKanji"": false}, {""surface"": ""とても"", ""hasKanji"": false}, {""surface"": ""寒い"", ""kanji"": ""寒"", ""furigana"": ""さむ"", ""hasKanji"": true}, {""surface"": ""です"", ""hasKanji"": false}, {""surface"": ""。"", ""hasKanji"": false}]"
123,来年,62,来年、日本に行きたいです。,내년에 일본에 가고 싶습니다.,"[{""surface"": ""来年"", ""kanji"": ""来年"", ""furigana"": ""らいねん"", ""hasKanji"": true}, {""surface"": ""、"", ""hasKanji"": false}, {""surface"": ""日本"", ""kanji"": ""日本"", ""furigana"": ""にっぽん"", ""hasKanji"": true}, {""surface"": ""に"", ""hasKanji"": false}, {""surface"": ""行き"", ""kanji"": ""行"", ""furigana"": ""い"", ""hasKanji"": true}, {""surface"": ""たい"", ""hasKanji"": false}, {""surface"": ""です"", ""hasKanji"": false}, {""surface"": ""。"", ""hasKanji"": false}]"
124,来年,62,来年は新しい仕事を始めます。,내년에는 새로운 일을 시작합니다.,"[{""surface"": ""来年"", ""kanji"": ""来年"", ""furigana"": ""らいねん"", ""hasKanji"": true}, {""surface"": ""は"", ""hasKanji"": false}, {""surface"": ""新しい"", ""kanji"": ""新"", ""furigana"": ""あたら"", ""hasKanji"": true}, {""surface"": ""仕事"", ""kanji"": ""仕事"", ""furigana"": ""しごと"", ""hasKanji"": true}, {""surface"": ""を"", ""hasKanji"": false}, {""surface"": ""始め"", ""kanji"": ""始"", ""furigana"": ""はじ"", ""hasKanji"": true}, {""surface"": ""ます"", ""hasKanji"": false}, {""surface"": ""。"", ""hasKanji"": false}]"
125,再来年,63,再来年に卒業する予定です。,내후년에 졸업할 예정입니다.,"[{""surface"": ""再来"", ""kanji"": ""再来"", ""furigana"": ""さらい"", ""hasKanji"": true}, {""surface"": ""年"", ""kanji"": ""年"", ""furigana"": ""ねん"", ""hasKanji"": true}, {""surface"": ""に"", ""hasKanji"": false}, {""surface"": ""卒業"", ""kanji"": ""卒業"", ""furigana"": ""そつぎょう"", ""hasKanji"": true}, {""surface"": ""する"", ""hasKanji"": false}, {""surface"": ""予定"", ""kanji"": ""予定"", ""furigana"": ""よてい"", ""hasKanji"": true}, {""surface"": ""です"", ""hasKanji"": false}, {""surface"": ""。"", ""hasKanji"": false}]"
126,再来年,63,再来年、海外に行くつもりです。,내후년에 해외에 갈 생각입니다.,"[{""surface"": ""再来"", ""kanji"": ""再来"", ""furigana"": ""さらい"", ""hasKanji"": true}, {""surface"": ""年"", ""kanji"": ""年"", ""furigana"": ""ねん"", ""hasKanji"": true}, {""surface"": ""、"", ""hasKanji"": false}, {""surface"": ""海外"", ""kanji"": ""海外"", ""furigana"": ""かいがい"", ""hasKanji"": true}, {""surface"": ""に"", ""hasKanji"": false}, {""surface"": ""行く"", ""kanji"": ""行"", ""furigana"": ""い"", ""hasKanji"": true}, {""surface"": ""つもり"", ""hasKanji"": false}, {""surface"": ""です"", ""hasKanji"": false}, {""surface"": ""。"", ""hasKanji"": false}]"
127,毎日,64,毎日新聞を読みます。,매일 신문을 읽습니다.,"[{""surface"": ""毎日"", ""kanji"": ""毎日"", ""furigana"": ""まいにち"", ""hasKanji"": true}, {""surface"": ""新聞"", ""kanji"": ""新聞"", ""furigana"": ""しんぶん"", ""hasKanji"": true}, {""surface"": ""を"", ""hasKanji"": false}, {""surface"": ""読み"", ""kanji"": ""読"", ""furigana"": ""よ"", ""hasKanji"": true}, {""surface"": ""ます"", ""hasKanji"": false}, {""surface"": ""。"", ""hasKanji"": false}]"
128,毎日,64,毎日会社に通っています。,매일 회사에 다니고 있습니다.,"[{""surface"": ""毎日"", ""kanji"": ""毎日"", ""furigana"": ""まいにち"", ""hasKanji"": true}, {""surface"": ""会社"", ""kanji"": ""会社"", ""furigana"": ""かいしゃ"", ""hasKanji"": true}, {""surface"": ""に"", ""hasKanji"": false}, {""surface"": ""通っ"", ""kanji"": ""通"", ""furigana"": ""かよ"", ""hasKanji"": true}, {""surface"": ""て"", ""hasKanji"": false}, {""surface"": ""い"", ""hasKanji"": false}, {""surface"": ""ます"", ""hasKanji"": false}, {""surface"": ""。"", ""hasKanji"": false}]"
129,毎月,65,毎月お金を貯めています。,매달 돈을 모으고 있습니다.,"[{""surface"": ""毎月"", ""kanji"": ""毎月"", ""furigana"": ""まいつき"", ""hasKanji"": true}, {""surface"": ""お"", ""hasKanji"": false}, {""surface"": ""金"", ""kanji"": ""金"", ""furigana"": ""かね"", ""hasKanji"": true}, {""surface"": ""を"", ""hasKanji"": false}, {""surface"": ""貯め"", ""kanji"": ""貯"", ""furigana"": ""た"", ""hasKanji"": true}, {""surface"": ""て"", ""hasKanji"": false}, {""surface"": ""い"", ""hasKanji"": false}, {""surface"": ""ます"", ""hasKanji"": false}, {""surface"": ""。"", ""hasKanji"": false}]"
130,毎月,65,毎月本を三冊読みます。,매달 책을 세 권 읽습니다.,"[{""surface"": ""毎月"", ""kanji"": ""毎月"", ""furigana"": ""まいつき"", ""hasKanji"": true}, {""surface"": ""本"", ""kanji"": ""本"", ""furigana"": ""ほん"", ""hasKanji"": true}, {""surface"": ""を"", ""hasKanji"": false}, {""surface"": ""三"", ""kanji"": ""三"", ""furigana"": ""さん"", ""hasKanji"": true}, {""surface"": ""冊"", ""kanji"": ""冊"", ""furigana"": ""さつ"", ""hasKanji"": true}, {""surface"": ""読み"", ""kanji"": ""読"", ""furigana"": ""よ"", ""hasKanji"": true}, {""surface"": ""ます"", ""hasKanji"": false}, {""surface"": ""。"", ""hasKanji"": false}]"
131,毎年,66,毎年家族で旅行します。,매년 가족과 여행을 갑니다.,"[{""surface"": ""毎年"", ""kanji"": ""毎年"", ""furigana"": ""まいとし"", ""hasKanji"": true}, {""surface"": ""家族"", ""kanji"": ""家族"", ""furigana"": ""かぞく"", ""hasKanji"": true}, {""surface"": ""で"", ""hasKanji"": false}, {""surface"": ""旅行"", ""kanji"": ""旅行"", ""furigana"": ""りょこう"", ""hasKanji"": true}, {""surface"": ""し"", ""hasKanji"": false}, {""surface"": ""ます"", ""hasKanji"": false}, {""surface"": ""。"", ""hasKanji"": false}]"
132,毎年,66,毎年この時期は忙しいです。,매년 이 시기는 바쁩니다.,"[{""surface"": ""毎年"", ""kanji"": ""毎年"", ""furigana"": ""まいとし"", ""hasKanji"": true}, {""surface"": ""この"", ""hasKanji"": false}, {""surface"": ""時期"", ""kanji"": ""時期"", ""furigana"": ""じき"", ""hasKanji"": true}, {""surface"": ""は"", ""hasKanji"": false}, {""surface"": ""忙しい"", ""kanji"": ""忙"", ""furigana"": ""いそが"", ""hasKanji"": true}, {""surface"": ""です"", ""hasKanji"": false}, {""surface"": ""。"", ""hasKanji"": false}]"
133,半年,67,日本で半年間暮らしました。,일본에서 반년 동안 살았습니다.,"[{""surface"": ""日本"", ""kanji"": ""日本"", ""furigana"": ""にっぽん"", ""hasKanji"": true}, {""surface"": ""で"", ""hasKanji"": false}, {""surface"": ""半年"", ""kanji"": ""半年"", ""furigana"": ""はんとし"", ""hasKanji"": true}, {""surface"": ""間"", ""kanji"": ""間"", ""furigana"": ""かん"", ""hasKanji"": true}, {""surface"": ""暮らし"", ""kanji"": ""暮"", ""furigana"": ""く"", ""hasKanji"": true}, {""surface"": ""まし"", ""hasKanji"": false}, {""surface"": ""た"", ""hasKanji"": false}, {""surface"": ""。"", ""hasKanji"": false}]"
134,半年,67,半年ごとに健康診断を受けます。,반년마다 건강검진을 받습니다.,"[{""surface"": ""半年"", ""kanji"": ""半年"", ""furigana"": ""はんとし"", ""hasKanji"": true}, {""surface"": ""ごと"", ""hasKanji"": false}, {""surface"": ""に"", ""hasKanji"": false}, {""surface"": ""健康"", ""kanji"": ""健康"", ""furigana"": ""けんこう"", ""hasKanji"": true}, {""surface"": ""診断"", ""kanji"": ""診断"", ""furigana"": ""しんだん"", ""hasKanji"": true}, {""surface"": ""を"", ""hasKanji"": false}, {""surface"": ""受け"", ""kanji"": ""受"", ""furigana"": ""う"", ""hasKanji"": true}, {""surface"": ""ます"", ""hasKanji"": false}, {""surface"": ""。"", ""hasKanji"": false}]"
135,眠い,68,授業中、とても眠いです。,수업 중에 너무 졸려요.,"[{""surface"": ""授業"", ""kanji"": ""授業"", ""furigana"": ""じゅぎょう"", ""hasKanji"": true}, {""surface"": ""中"", ""kanji"": ""中"", ""furigana"": ""ちゅう"", ""hasKanji"": true}, {""surface"": ""、"", ""hasKanji"": false}, {""surface"": ""とても"", ""hasKanji"": false}, {""surface"": ""眠い"", ""kanji"": ""眠"", ""furigana"": ""ねむ"", ""hasKanji"": true}, {""surface"": ""です"", ""hasKanji"": false}, {""surface"": ""。"", ""hasKanji"": false}]"
136,眠い,68,今日は朝から眠いです。,오늘은 아침부터 졸립니다.,"[{""surface"": ""今日"", ""kanji"": ""今日"", ""furigana"": ""きょう"", ""hasKanji"": true}, {""surface"": ""は"", ""hasKanji"": false}, {""surface"": ""朝"", ""kanji"": ""朝"", ""furigana"": ""あさ"", ""hasKanji"": true}, {""surface"": ""から"", ""hasKanji"": false}, {""surface"": ""眠い"", ""kanji"": ""眠"", ""furigana"": ""ねむ"", ""hasKanji"": true}, {""surface"": ""です"", ""hasKanji"": false}, {""surface"": ""。"", ""hasKanji"": false}]"
137,眠たい,69,ご飯を食べたら眠たくなりました。,밥을 먹었더니 졸려졌습니다.,"[{""surface"": ""ご飯"", ""kanji"": ""飯"", ""furigana"": ""ごはん"", ""hasKanji"": true}, {""surface"": ""を"", ""hasKanji"": false}, {""surface"": ""食べ"", ""kanji"": ""食"", ""furigana"": ""た"", ""hasKanji"": true}, {""surface"": ""たら"", ""hasKanji"": false}, {""surface"": ""眠たく"", ""kanji"": ""眠"", ""furigana"": ""ねむ"", ""hasKanji"": true}, {""surface"": ""なり"", ""hasKanji"": false}, {""surface"": ""まし"", ""hasKanji"": false}, {""surface"": ""た"", ""hasKanji"": false}, {""surface"": ""。"", ""hasKanji"": false}]"
138,眠たい,69,夜遅くまで起きていて眠たいです。,밤 늦게까지 깨어 있어서 졸려요.,"[{""surface"": ""夜"", ""kanji"": ""夜"", ""furigana"": ""よる"", ""hasKanji"": true}, {""surface"": ""遅く"", ""kanji"": ""遅"", ""furigana"": ""おそ"", ""hasKanji"": true}, {""surface"": ""まで"", ""hasKanji"": false}, {""surface"": ""起き"", ""kanji"": ""起"", ""furigana"": ""お"", ""hasKanji"": true}, {""surface"": ""て"", ""hasKanji"": false}, {""surface"": ""い"", ""hasKanji"": false}, {""surface"": ""て"", ""hasKanji"": false}, {""surface"": ""眠たい"", ""kanji"": ""眠"", ""furigana"": ""ねむ"", ""hasKanji"": true}, {""surface"": ""です"", ""hasKanji"": false}, {""surface"": ""。"", ""hasKanji"": false}]"
139,眠る,70,赤ちゃんがぐっすり眠っています。,아기가 푹 자고 있습니다.,"[{""surface"": ""赤ちゃん"", ""kanji"": ""赤"", ""furigana"": ""あか"", ""hasKanji"": true}, {""surface"": ""が"", ""hasKanji"": false}, {""surface"": ""ぐっすり"", ""hasKanji"": false}, {""surface"": ""眠っ"", ""kanji"": ""眠"", ""furigana"": ""ねむ"", ""hasKanji"": true}, {""surface"": ""て"", ""hasKanji"": false}, {""surface"": ""い"", ""hasKanji"": false}, {""surface"": ""ます"", ""hasKanji"": false}, {""surface"": ""。"", ""hasKanji"": false}]"
140,眠る,70,音楽を聞きながら眠りました。,음악을 들으며 잠들었습니다.,"[{""surface"": ""音楽"", ""kanji"": ""音楽"", ""furigana"": ""おんがく"", ""hasKanji"": true}, {""surface"": ""を"", ""hasKanji"": false}, {""surface"": ""聞き"", ""kanji"": ""聞"", ""furigana"": ""き"", ""hasKanji"": true}, {""surface"": ""ながら"", ""hasKanji"": false}, {""surface"": ""眠り"", ""kanji"": ""眠"", ""furigana"": ""ねむ"", ""hasKanji"": true}, {""surface"": ""まし"", ""hasKanji"": false}, {""surface"": ""た"", ""hasKanji"": false}, {""surface"": ""。"", ""hasKanji"": false}]"
141,寝る,71,毎晩十一時に寝ます。,매일 밤 11시에 잡니다.,"[{""surface"": ""毎晩"", ""kanji"": ""毎晩"", ""furigana"": ""まいばん"", ""hasKanji"": true}, {""surface"": ""十"", ""kanji"": ""十"", ""furigana"": ""じゅう"", ""hasKanji"": true}, {""surface"": ""一"", ""kanji"": ""一"", ""furigana"": ""いち"", ""hasKanji"": true}, {""surface"": ""時"", ""kanji"": ""時"", ""furigana"": ""じ"", ""hasKanji"": true}, {""surface"": ""に"", ""hasKanji"": false}, {""surface"": ""寝"", ""kanji"": ""寝"", ""furigana"": ""ね"", ""hasKanji"": true}, {""surface"": ""ます"", ""hasKanji"": false}, {""surface"": ""。"", ""hasKanji"": false}]"
142,寝る,71,今日は早く寝ようと思います。,오늘은 일찍 자려고 합니다.,"[{""surface"": ""今日"", ""kanji"": ""今日"", ""furigana"": ""きょう"", ""hasKanji"": true}, {""surface"": ""は"", ""hasKanji"": false}, {""surface"": ""早く"", ""kanji"": ""早"", ""furigana"": ""はや"", ""hasKanji"": true}, {""surface"": ""寝よう"", ""kanji"": ""寝"", ""furigana"": ""ね"", ""hasKanji"": true}, {""surface"": ""と"", ""hasKanji"": false}, {""surface"": ""思い"", ""kanji"": ""思"", ""furigana"": ""おも"", ""hasKanji"": true}, {""surface"": ""ます"", ""hasKanji"": false}, {""surface"": ""。"", ""hasKanji"": false}]"
143,寝坊,72,寝坊して学校に遅れました。,늦잠 자서 학교에 지각했습니다.,"[{""surface"": ""寝坊"", ""kanji"": ""寝坊"", ""furigana"": ""ねぼう"", ""hasKanji"": true}, {""surface"": ""し"", ""hasKanji"": false}, {""surface"": ""て"", ""hasKanji"": false}, {""surface"": ""学校"", ""kanji"": ""学校"", ""furigana"": ""がっこう"", ""hasKanji"": true}, {""surface"": ""に"", ""hasKanji"": false}, {""surface"": ""遅れ"", ""kanji"": ""遅"", ""furigana"": ""おく"", ""hasKanji"": true}, {""surface"": ""まし"", ""hasKanji"": false}, {""surface"": ""た"", ""hasKanji"": false}, {""surface"": ""。"", ""hasKanji"": false}]"
144,寝坊,72,寝坊しないように目覚ましをかけました。,늦잠 자지 않도록 알람을 맞췄습니다.,"[{""surface"": ""寝坊"", ""kanji"": ""寝坊"", ""furigana"": ""ねぼう"", ""hasKanji"": true}, {""surface"": ""し"", ""hasKanji"": false}, {""surface"": ""ない"", ""hasKanji"": false}, {""surface"": ""よう"", ""hasKanji"": false}, {""surface"": ""に"", ""hasKanji"": false}, {""surface"": ""目覚まし"", ""kanji"": ""目覚"", ""furigana"": ""めざまし"", ""hasKanji"": true}, {""surface"": ""を"", ""hasKanji"": false}, {""surface"": ""かけ"", ""hasKanji"": false}, {""surface"": ""まし"", ""hasKanji"": false}, {""surface"": ""た"", ""hasKanji"": false}, {""surface"": ""。"", ""hasKanji"": false}]"
145,出る,73,今、家を出ます。,지금 집을 나섭니다.,"[{""surface"": ""今"", ""kanji"": ""今"", ""furigana"": ""いま"", ""hasKanji"": true}, {""surface"": ""、"", ""hasKanji"": false}, {""surface"": ""家"", ""kanji"": ""家"", ""furigana"": ""いえ"", ""hasKanji"": true}, {""surface"": ""を"", ""hasKanji"": false}, {""surface"": ""出"", ""kanji"": ""出"", ""furigana"": ""で"", ""hasKanji"": true}, {""surface"": ""ます"", ""hasKanji"": false}, {""surface"": ""。"", ""hasKanji"": false}]"
146,出る,73,試合に出ることになりました。,경기에 출전하게 되었습니다.,"[{""surface"": ""試合"", ""kanji"": ""試合"", ""furigana"": ""しあい"", ""hasKanji"": true}, {""surface"": ""に"", ""hasKanji"": false}, {""surface"": ""出る"", ""kanji"": ""出"", ""furigana"": ""で"", ""hasKanji"": true}, {""surface"": ""こと"", ""hasKanji"": false}, {""surface"": ""に"", ""hasKanji"": false}, {""surface"": ""なり"", ""hasKanji"": false}, {""surface"": ""まし"", ""hasKanji"": false}, {""surface"": ""た"", ""hasKanji"": false}, {""surface"": ""。"", ""hasKanji"": false}]"
147,届ける,74,荷物を友達の家に届けました。,짐을 친구 집에 배달했습니다.,"[{""surface"": ""荷物"", ""kanji"": ""荷物"", ""furigana"": ""にもつ"", ""hasKanji"": true}, {""surface"": ""を"", ""hasKanji"": false}, {""surface"": ""友達"", ""kanji"": ""友達"", ""furigana"": ""ともだち"", ""hasKanji"": true}, {""surface"": ""の"", ""hasKanji"": false}, {""surface"": ""家"", ""kanji"": ""家"", ""furigana"": ""いえ"", ""hasKanji"": true}, {""surface"": ""に"", ""hasKanji"": false}, {""surface"": ""届け"", ""kanji"": ""届"", ""furigana"": ""とど"", ""hasKanji"": true}, {""surface"": ""まし"", ""hasKanji"": false}, {""surface"": ""た"", ""hasKanji"": false}, {""surface"": ""。"", ""hasKanji"": false}]"
148,届ける,74,先生に書類を届けに行きました。,선생님께 서류를 전하러 갔습니다.,"[{""surface"": ""先生"", ""kanji"": ""先生"", ""furigana"": ""せんせい"", ""hasKanji"": true}, {""surface"": ""に"", ""hasKanji"": false}, {""surface"": ""書類"", ""kanji"": ""書類"", ""furigana"": ""しょるい"", ""hasKanji"": true}, {""surface"": ""を"", ""hasKanji"": false}, {""surface"": ""届け"", ""kanji"": ""届"", ""furigana"": ""とど"", ""hasKanji"": true}, {""surface"": ""に"", ""hasKanji"": false}, {""surface"": ""行き"", ""kanji"": ""行"", ""furigana"": ""い"", ""hasKanji"": true}, {""surface"": ""まし"", ""hasKanji"": false}, {""surface"": ""た"", ""hasKanji"": false}, {""surface"": ""。"", ""hasKanji"": false}]"
149,届く,75,プレゼントが届きました。,선물이 도착했습니다.,"[{""surface"": ""プレゼント"", ""hasKanji"": false}, {""surface"": ""が"", ""hasKanji"": false}, {""surface"": ""届き"", ""kanji"": ""届"", ""furigana"": ""とど"", ""hasKanji"": true}, {""surface"": ""まし"", ""hasKanji"": false}, {""surface"": ""た"", ""hasKanji"": false}, {""surface"": ""。"", ""hasKanji"": false}]"
150,届く,75,メールが相手に届かなかった。,메일이 상대에게 도착하지 않았습니다.,"[{""surface"": ""メール"", ""hasKanji"": false}, {""surface"": ""が"", ""hasKanji"": false}, {""surface"": ""相手"", ""kanji"": ""相手"", ""furigana"": ""あいて"", ""hasKanji"": true}, {""surface"": ""に"", ""hasKanji"": false}, {""surface"": ""届か"", ""kanji"": ""届"", ""furigana"": ""とど"", ""hasKanji"": true}, {""surface"": ""なかっ"", ""hasKanji"": false}, {""surface"": ""た"", ""hasKanji"": false}, {""surface"": ""。"", ""hasKanji"": false}]"
